Fecha,Origen_mineral,Bwi_kWh_t,Ley_Cu_Cabeza_Pct,Humedad_mina_Pct,Gavedad_especifica,Dwi_kWh_m3,TputBM_tph,TputSAG_tph,F_seco_tph,Fino_Cu_tph,Agua_Mineral_tph,F_humedo_tph,Agua_Pulpa_Total_tph,Agua_Adicional_Requerida_tph,Recuperacion_Rougher_Pct,Cu_Fino_C_Rougher_tph,Cu_Fino_T_Rougher_tph,Masa_C_Rougher_tph,Masa_T_Rougher_tph,Agua_C_Rougher_tph,Agua_T_Rougher_tph,Cu_Fino_C_Final_tph,Cu_Fino_T_Cleaner_tph,Masa_C_Final_tph,Masa_T_Cleaner_tph,Agua_C_Final_tph,Agua_T_Cleaner_tph,Agua_Recuperada_tph,Agua_Fresca_Makeup_tph,Masa_Relave_Total_tph,Agua_Perdida_TSF_tph,Agua_Perdida_Filtro_tph,Agua_Total_a_N4_tph,Consumo_Especifico_Agua_m3_t
2026-01-01,Productora,17.674776542112635,0.5058078784556712,4.19852205050151,2.6604443938001325,7.6,3302.838707625549,2648.4265252568184,2648.4265252568184,13.395950019858764,116.06790838117811,2764.4944336379967,5377.108399763843,5261.040491382665,88.24868907334985,11.821750281446509,1.574199738412256,98.5145856787209,2549.9119395780976,295.54375703616273,5081.564642727681,11.821750281446509,0.0,46.17871203690042,52.335873641820484,184.71484814760169,110.82890888856105,4256.728368951207,1004.3121224314582,2602.247813219918,1115.2490628085363,5.130968004100047,5377.108399763843,0.379210868360439
2026-01-02,Cortadera_OP,13.6238058081163,0.45260030105396887,4.373567296141311,2.7142448950992004,6.6,4575.731512256248,2932.061513240525,2932.061513240525,13.270519236014172,134.1006663324576,3066.1621795729825,5952.973375367126,5818.872709034668,82.88863609541636,10.999752397512014,2.2707668385021584,91.66460331260012,2840.3969099279248,274.9938099378004,5677.979565429326,10.999752397512014,0.0,42.9677828027813,48.69682050981882,171.8711312111252,103.12267872667519,4710.016149947467,1108.8565590872013,2889.0937304377435,1238.1830273304615,4.774198089197922,5952.973375367126,0.3781832523225916
2026-01-03,Cortadera_OP,13.116562121066588,0.5926467528898259,4.743445137592506,2.645364012512865,6.6,4807.73950088253,2932.061513240525,2932.061513240525,17.376767350952267,146.00646588775217,3078.0679791282773,5952.973375367126,5806.966909479374,87.4759647004932,15.200494874005832,2.176272476946435,126.67079061671527,2805.39072262381,380.01237185014577,5572.961003516981,15.200494874005832,0.0,59.37693310158528,67.29385751512999,237.50773240634112,142.50463944380465,4715.22540401058,1091.7415054687945,2872.68458013894,1231.15053434526,6.597437011287253,5952.973375367127,0.3723460440849339
2026-01-04,Productora,19.179746386383847,0.4941488003986565,4.076154037901015,2.65275792101267,7.6,2993.4709574086505,2648.4265252568184,2648.4265252568184,13.087167903996392,112.54130155785418,2760.9678268146727,5377.108399763843,5264.567098205989,88.14291791721661,11.535411663307857,1.551756240688535,96.12843052756547,2552.298094729253,288.3852915826964,5088.723108181147,11.535411663307857,0.0,45.06020180979631,51.06822871776916,180.24080723918524,108.14448434351118,4256.373286339428,1008.1938118665612,2603.3663234470223,1115.7284243344382,5.0066890899773675,5377.108399763843,0.3806765270819799
2026-01-05,Productora,18.618900485100756,0.536458078734281,4.90765246924056,2.6457251828532953,7.6,3101.7411676493516,2648.4265252568184,2648.4265252568184,14.207698054081805,136.68352200553795,2785.1100472623566,5377.108399763843,5240.424877758305,88.52674769027739,12.577613008933449,1.6300850451483555,104.81344174111207,2543.6130835157064,314.44032522333623,5062.668074540507,12.577613008933449,0.0,49.131300816146286,55.682140924965786,196.52520326458514,117.91512195875109,4257.665698722396,982.7591790359093,2599.2952244406724,1113.983667617431,5.459033424016254,5377.108399763843,0.37107285011073166
2026-01-06,Productora,19.158994706311077,0.5157536303969578,3.2784663188309597,2.7226099989764396,7.6,2997.3421917870305,2648.4265252568184,2648.4265252568184,13.659355952408042,89.7708796634132,2738.1974049202317,5377.108399763843,5287.33752010043,88.33891693496119,12.066527108648417,1.5928288437596247,100.55439257207014,2547.872132684748,301.66317771621044,5075.445222047633,12.066527108648417,0.0,47.13487151815788,53.41952105391226,188.53948607263152,113.12369164357892,4257.03191164367,1030.3056084567597,2601.2916537386604,1114.8392801737116,5.237207946461987,5377.108399763844,0.3890255586217748
2026-01-07,Productora,17.343036564261727,0.4611203606824912,3.701255313884406,2.647093192093272,7.6,3379.8342179879673,2648.4265252568184,2648.4265252568184,12.21243394567501,101.79263272839466,2750.2191579852133,5377.108399763843,5275.3157670354485,87.84328391211156,10.727803023478387,1.4846309221966223,89.39835852898656,2559.028166727832,268.19507558695966,5108.913324176884,10.727803023478387,0.0,41.90548056046245,47.49287796852411,167.6219222418498,100.57315334510986,4255.371787530116,1019.9439795053322,2606.521044696356,1117.0804477270096,4.65616450671805,5377.108399763843,0.38511318693518526
2026-01-08,Cortadera_OP,13.585297324043655,0.5368568529359125,3.0007629380286325,2.6649532092374733,6.6,4592.556559650676,2932.061513240525,2932.061513240525,15.740973166128176,90.70608993894596,3022.767603179471,5952.973375367126,5862.26728542818,85.79364322171747,13.504754357774292,2.2362188083538843,112.5396196481191,2819.521893592406,337.61885894435727,5615.354516422769,13.504754357774292,0.0,52.75294671005583,59.78667293806327,211.01178684022332,126.60707210413395,4713.122551187871,1149.144734240309,2879.3085665304693,1233.9893856559154,5.861438523339537,5952.973375367126,0.3919238150533445
2026-01-09,Productora,15.979422839605997,0.4724720667951248,4.057661388893625,2.6709991525268055,7.6,3738.0244392223376,2648.4265252568184,2648.4265252568184,12.513075541431197,112.00913182256205,2760.4356570793807,5377.108399763843,5265.099267941281,87.94626658996538,11.004782774270833,1.5082927671603645,91.70652311892361,2556.720002137895,275.11956935677085,5101.988830407073,11.004782774270833,0.0,42.98743271199544,48.719090406928174,171.94973084798175,103.1698385087891,4255.715264403619,1009.3840035376625,2605.439092544823,1116.6167539477813,4.776381412443937,5377.108399763843,0.38112592284952374
2026-01-10,Productora,18.766497873261063,0.47609101245096,4.119068182919688,2.736403994175183,7.6,3072.495582159064,2648.4265252568184,2648.4265252568184,12.608920658114968,113.77704855641129,2762.20357381323,5377.108399763843,5263.331351207432,87.9790976649551,11.093214620299669,1.5157060378152991,92.44345516916391,2555.9830700876546,277.3303655074917,5099.778034256352,11.093214620299669,0.0,43.33286961054558,49.11058555861833,173.33147844218232,103.99888706530939,4255.824926911095,1007.5064242963372,2605.093655646273,1116.4687095626884,4.814763290060619,5377.108399763844,0.38041698143717206
2026-01-11,Cortadera_OP,13.977079301175982,0.5490444138101772,3.2989056904157357,2.7270445368824356,6.6,4426.946002440786,2932.061513240525,2932.061513240525,16.09831994792525,100.02569753462932,3032.0872107751543,5952.973375367126,5852.947677832497,86.1756157833037,13.872826345891,2.225493602034252,115.60688621575834,2816.4546270247665,346.820658647275,5606.152716719851,13.872826345891,0.0,54.190727913636714,61.41615830212162,216.76291165454685,130.05774699272817,4713.578989665199,1139.3686881672984,2877.870785326888,1233.3731937115233,6.021191990404079,5952.973375367126,0.3885896264529812
2026-01-12,Productora,19.498184796584198,0.5687487007980542,4.044002048005775,2.694017472314756,7.6,2935.2958487758883,2648.4265252568184,2648.4265252568184,15.062891453989204,111.61618367503837,2760.042708931857,5377.108399763843,5265.492216088805,88.81968821363995,13.378813225392229,1.6840782285969755,111.4901102116019,2536.9364150452166,334.4703306348057,5042.638069129038,13.378813225392229,0.0,52.26098916168839,59.22912104991351,209.04395664675357,125.42637398805212,4258.659250578125,1006.8329655106809,2596.16553609513,1112.6423726121984,5.806776573520932,5377.108399763844,0.3801626950602483
2026-01-13,Cortadera_OP,14.317775805647885,0.5914768518638798,3.0507252730593577,2.6575237678669907,6.6,4292.344081622033,2932.061513240525,2932.061513240525,17.342465133227492,92.26385845382593,3024.325371694351,5952.973375367126,5860.7095169133,87.44234144992237,15.164657577630518,2.1778075555969743,126.37214648025432,2805.689366760271,379.116439440763,5573.856935926363,15.164657577630518,0.0,59.23694366261921,67.1352028176351,236.94777465047684,142.16866479028613,4715.180962918844,1145.5285539944562,2872.824569577906,1231.2105298191025,6.581882629179912,5952.973375367126,0.39069049159490987
2026-01-14,Cortadera_OP,14.845774141801115,0.5435764737818541,4.96797652901802,2.7432920390628253,6.6,4099.187422772872,2932.061513240525,2932.061513240525,15.937996582787719,153.27899214798725,3085.340505388512,5952.973375367126,5799.694383219139,86.00530374677332,13.70752237217693,2.2304742106107884,114.22935310147442,2817.8321601390508,342.68805930442323,5610.285316062703,13.70752237217693,0.0,53.545009266316136,60.68434383515828,214.18003706526454,128.5080222391587,4713.3739996184295,1086.3203836007096,2878.516503974209,1233.649930274661,5.949445474035126,5952.973375367126,0.3704971327153721
2026-01-15,Productora,18.362205845698348,0.43364399743032456,3.876351431144184,2.57896354725774,7.6,3153.9522008170734,2648.4265252568184,2648.4265252568184,11.484742653128713,106.8023540960945,2755.228879352913,5377.108399763843,5270.306045667749,87.5940183446879,10.05994758642176,1.4247950667069524,83.83289655351467,2564.5936287033037,251.49868966054402,5125.609710103299,10.05994758642176,0.0,39.29667025946,44.53622629405467,157.18668103784,94.31200862270401,4254.543593783766,1015.762451883983,2609.1298549973585,1118.198509284582,4.3662966954955555,5377.1083997638425,0.38353431450603837
2026-01-16,Productora,19.2670318416511,0.45315606174477585,4.425041357898968,2.6819535528789,7.6,2977.2967176858747,2648.4265252568184,2648.4265252568184,12.00150534005781,122.61995269601559,2771.046477952834,5377.108399763843,5254.488447067828,87.7710317921486,10.533845067558552,1.4676602724992573,87.7820422296546,2560.644483027164,263.3461266889638,5113.76227307488,10.533845067558552,0.0,41.14783229515059,46.634209934504014,164.59132918060237,98.75479750836143,4255.131264271287,999.3571827965407,2607.2786929616677,1117.405154126429,4.571981366127844,5377.108399763844,0.37733996894613975
2026-01-17,Cortadera_OP,14.17686243353857,0.5600987067270368,3.783273029883856,2.729282729261852,6.6,4347.010707948243,2932.061513240525,2932.061513240525,16.422438616101367,115.28961329612287,3047.351126536648,5952.973375367126,5837.683762071003,86.51480749488374,14.207841154685546,2.2145974614158206,118.39867628904622,2813.6628369514788,355.1960288671387,5597.777346499987,14.207841154685546,0.0,55.499379510490414,62.89929677855581,221.99751804196165,133.19851082517704,4713.994434616581,1123.6893274544218,2876.5621337300345,1232.8123430271576,6.166597723387824,5952.973375367126,0.3832420712799154
2026-01-18,Productora,17.947034495621796,0.5406701838883549,3.723910932570065,2.640593181079424,7.6,3242.2215653719923,2648.4265252568184,2648.4265252568184,14.319252564254006,102.43981228407506,2750.8663375408933,5377.108399763843,5274.668587479769,88.56495990823515,12.681840292690493,1.6374122715635124,105.68200243908746,2542.744522817731,317.04600731726237,5060.062392446581,12.681840292690493,0.0,49.53843864332224,56.14356379576522,198.15375457328895,118.89225274397342,4257.794948826261,1016.8736386535074,2598.8880866134964,1113.8091799772126,5.504270960369137,5377.108399763843,0.3839538793906699
2026-01-19,Productora,19.17708764576185,0.5445889704511502,3.6152396752284752,2.7759523528698162,7.6,2993.9663879401087,2648.4265252568184,2648.4265252568184,14.423038747051278,99.33828354994809,2747.7648088067667,5377.108399763843,5277.770116213896,88.60051113993283,12.778886051797997,1.6441526952532808,106.49071709831665,2541.935808158502,319.47215129495,5057.636248468893,12.778886051797997,0.0,49.91752363983593,56.57319345848072,199.6700945593437,119.80205673560627,4257.9152932696,1019.8548229442958,2598.5090016169825,1113.6467149787068,5.546391515537325,5377.108399763843,0.38507952296143094
2026-01-20,Productora,18.505841944940318,0.4737108759830335,3.540945793716113,2.7038647951418886,7.6,3124.522409679355,2648.4265252568184,2648.4265252568184,12.545884492561092,97.22192324754707,2745.6484485043657,5377.108399763843,5279.886476516296,87.95750506691807,11.035046988234111,1.5108375043269806,91.95872490195093,2556.4678003548674,275.8761747058528,5101.232225057991,11.035046988234111,0.0,43.1056522977895,48.85307260416143,172.422609191158,103.45356551469482,4255.752794430855,1024.1336820854413,2605.3208729590287,1116.5660884110123,4.7895169219766105,5377.108399763843,0.3866951460872152
2026-01-21,Productora,18.375255929012052,0.5322838856598694,3.7143359733661927,2.7057838860219627,7.6,3151.2554747621875,2648.4265252568184,2648.4265252568184,14.097147617483655,102.16625719959258,2750.592782456411,5377.108399763843,5274.94214256425,88.48887941070633,12.474407955584372,1.622739661899283,103.95339962986976,2544.473125626949,311.8601988896093,5065.2482008742345,12.474407955584372,0.0,48.72815607650145,55.225243553368315,194.9126243060058,116.94757458360351,4257.537716265366,1017.4044262988846,2599.698369180317,1114.1564439344215,5.414239564055716,5377.108399763843,0.3841542956152905
2026-01-22,Cortadera_OP,13.213658553988802,0.5675366424299819,3.5551910136486526,2.7015920207843447,6.6,4761.525333887818,2932.061513240525,2932.061513240525,16.640523466227,108.08294249214563,3040.144455732671,5952.973375367126,5844.89043287498,86.73928742019143,14.433871477595039,2.2066519886319593,120.282262313292,2811.779250927233,360.846786939876,5592.126588427251,14.433871477595039,0.0,56.38231045935562,63.89995185393637,225.5292418374225,135.3175451024535,4714.274730155905,1130.6157027190757,2875.6792027811694,1232.4339440490726,6.264701162150624,5952.973375367127,0.3856043598040053
2026-01-23,Cortadera_OP,13.00190669567773,0.519938618884353,4.051032697247631,2.705195505728187,6.6,4863.4795644952765,2932.061513240525,2932.061513240525,15.244920136782445,123.79369361006151,3055.8552068505865,5952.973375367126,5829.179681757065,85.248778533083,12.99610820495104,2.248811931831405,108.30090170792535,2823.7606115326,324.90270512377606,5628.07067024335,12.99610820495104,0.0,50.76604767559,57.534854032335346,203.06419070236,121.83851442141605,4712.491789589629,1116.687892167436,2881.295465564935,1234.8409138135435,5.6406719639544445,5952.973375367126,0.3808541830124391
2026-01-24,Productora,18.81803022345208,0.48546672729237844,4.004308282267004,2.7185196370847122,7.6,3062.4142024324524,2648.4265252568184,2648.4265252568184,12.857229576907532,110.47491903329293,2758.901444290111,5377.108399763843,5266.63348073055,88.06415414999645,11.322610474026785,1.5346191028807468,94.35508728355654,2554.0714379732617,283.06526185066963,5094.043137913174,11.322610474026785,0.0,44.22894716416713,50.12614011938941,176.91578865666852,106.1494731940011,4256.109395975737,1010.524084754813,2604.197578092651,1116.0846763254217,4.914327462685237,5377.108399763843,0.3815563977772886
2026-01-25,Productora,17.897193905748768,0.49685655658414574,3.768922516184571,2.698574043490315,7.6,3253.1514347190932,2648.4265252568184,2648.4265252568184,13.158880837052168,103.72651563814878,2752.153040894967,5377.108399763843,5273.381884125694,88.16748268133136,11.601853983065002,1.557026853987166,96.68211652554169,2551.744408731277,290.04634957662506,5087.062050187218,11.601853983065002,0.0,45.319742121347666,51.36237440419402,181.27896848539066,108.7673810912344,4256.455680089127,1016.9262040365675,2603.106783135471,1115.6171927723447,5.035526902371963,5377.108399763843,0.3839737271691749
2026-01-26,Cortadera_OP,14.401727768900658,0.5223196213954452,3.9757493370817376,2.6991598734223743,6.6,4260.424069956335,2932.061513240525,2932.061513240525,15.314732595039471,121.39789206447345,3053.4594053049987,5952.973375367126,5831.575483302653,85.32652358252096,13.06752891930638,2.2472036757330915,108.89607432755317,2823.1654389129717,326.6882229826595,5626.2851523844665,13.06752891930638,0.0,51.04503484104055,57.85103948651262,204.1801393641622,122.50808361849732,4712.58035694374,1118.9951263589128,2881.016478399484,1234.721347885493,5.671670537893394,5952.973375367126,0.38164108130262087
2026-01-27,Productora,17.87737280458226,0.5430943563911722,3.953757617497206,2.6174458511570213,7.6,3257.5186418926105,2648.4265252568184,2648.4265252568184,14.383454991836603,109.02286532891365,2757.449390585732,5377.108399763843,5268.08553443493,88.5869520011807,12.741864369729722,1.6415906221068806,106.18220308108103,2542.2443221757376,318.5466092432431,5058.5617905206,12.741864369729722,0.0,49.77290769425672,56.409295386824304,199.0916307770269,119.4549784662162,4257.869383445605,1010.2161509893249,2598.653617562562,1113.708693241098,5.530323077139635,5377.1083997638425,0.38144012731913113
2026-01-28,Cortadera_OP,14.504347888364958,0.5199493057486149,3.4087658472916993,2.719357646362309,6.6,4222.045124032724,2932.061513240525,2932.061513240525,15.245233482216442,103.47430836934267,3035.5358216098675,5952.973375367126,5849.499066997783,85.24912827785448,12.996428647513115,2.2488048347033267,108.30357206260929,2823.7579411779157,324.91071618782786,5628.062659179298,12.996428647513115,0.0,50.7672994043481,57.53627265826119,203.0691976173924,121.84151857043545,4712.4921869638365,1137.0068800339468,2881.294213836177,1234.8403773583614,5.640811044927567,5952.973375367125,0.3877841153398322
2026-01-29,Productora,19.14629768447825,0.531233778385809,3.3923435243156774,2.6670956131010235,7.6,2999.7157676986503,2648.4265252568184,2648.4265252568184,14.069336297893788,92.99855622563582,2741.425081482454,5377.108399763843,5284.109843538207,88.47935283751606,12.448457704910163,1.6208785929836242,103.73714754091803,2544.6893777159003,311.2114426227541,5065.896957141089,12.448457704910163,0.0,48.62678790980532,55.11035963111271,194.5071516392213,116.70429098353279,4257.505535894985,1026.6043076432225,2599.799737347013,1114.199887434434,5.402976434422813,5377.1083997638425,0.38762801152041493
2026-01-30,Productora,17.798905075351847,0.4904588048343119,3.92908766716356,2.6493791616770364,7.6,3274.923237857941,2648.4265252568184,2648.4265252568184,12.989441082689487,108.31478274843793,2756.7413080052565,5377.108399763843,5268.793617015405,88.10944227745688,11.444924092916562,1.5445169897729247,95.37436744097135,2553.052157815847,286.12310232291406,5090.98529744093,11.444924092916562,0.0,44.706734737955315,50.66763270301604,178.82693895182126,107.2961633710928,4256.261074570591,1012.5325424448147,2603.7197905188627,1115.8799102223697,4.967414970883923,5377.108399763843,0.38231475662577774
2026-01-31,Cortadera_OP,13.83086660812651,0.5520528347570606,4.215026291952671,2.5790256614547067,6.6,4487.3356765356975,2932.061513240525,2932.061513240525,16.186528700665086,129.02562781507592,3061.087141055601,5952.973375367126,5823.947747552051,86.26859833916637,13.963891429830648,2.222637270834438,116.3657619152554,2815.6957513252696,349.0972857457662,5603.87608962136,13.963891429830648,0.0,54.54645089777597,61.819311017479436,218.18580359110388,130.91148215466234,4713.691917596671,1110.2558299553793,2877.515062342749,1233.2207410040353,6.060716766419552,5952.973375367126,0.3786604833976763
2026-02-01,Productora,18.585439731688364,0.5844519643933086,4.529088756207848,2.7027669218464445,7.6,3108.448808728989,2648.4265252568184,2648.4265252568184,15.47878085237692,125.63993200560584,2774.066457262424,5377.108399763843,5251.468467758237,88.96214822097609,13.770255964691621,1.7085248876852983,114.75213303909685,2533.6743922177216,344.2563991172905,5032.852000646553,13.770255964691621,0.0,53.79006236207665,60.9620706770202,215.1602494483066,129.09614966898394,4259.14467064174,992.3237971164972,2594.6364628947417,1111.9870555263178,5.976673595786294,5377.108399763844,0.37468428429226347
2026-02-02,Cortadera_OP,14.311429924300231,0.524816929580807,4.145516163027546,2.7724781334064996,6.6,4294.776352028352,2932.061513240525,2932.061513240525,15.387955207209469,126.80584055726018,3058.867353797785,5952.973375367126,5826.167534809866,85.40768640050815,13.142496526824129,2.2454586803853402,109.52080439020108,2822.540708850324,328.56241317060324,5624.410962196523,13.142496526824129,0.0,51.33787705790675,58.18292733229433,205.351508231627,123.21090493897623,4712.673322726871,1113.4942120829946,2880.723636182618,1234.595844078265,5.704208561989639,5952.973375367126,0.3797649561766379
2026-02-03,Cortadera_OP,14.08543745169135,0.5652366528337872,3.589181598159454,2.7499153095179456,6.6,4383.2295561512865,2932.061513240525,2932.061513240525,16.573086356468437,109.15477539182004,3041.216288632345,5952.973375367126,5843.818599975306,86.67018855122359,14.363925193908306,2.2091611625601306,119.69937661590255,2812.3621366246225,359.09812984770764,5593.875245519419,14.363925193908306,0.0,56.10908278870432,63.59029382719823,224.43633115481728,134.66179869289036,4714.18799121284,1129.6306087624662,2875.952430451821,1232.551041622209,6.234342532078258,5952.973375367127,0.3852683866492263
2026-02-04,Productora,17.720911666526902,0.6095820438474048,3.658669295683688,2.645628822077315,7.6,3292.407909873838,2648.4265252568184,2648.4265252568184,16.144332542457317,100.57694593787919,2749.003471194698,5377.108399763843,5276.5314538259645,89.19012830178366,14.399150908084293,1.745181634373024,119.99292423403578,2528.4336010227826,359.97877270210734,5017.129627061736,14.399150908084293,0.0,56.246683234704264,63.74624099933152,224.98673293881706,134.99203976329028,4259.924550283843,1016.6069035421215,2592.179842022114,1110.9342180094773,6.249631470522695,5377.108399763843,0.38385316483097104
2026-02-05,Cortadera_OP,15.505763018067448,0.5044015137892066,4.250227891020447,2.757975673519648,6.6,3880.8890754930903,2932.061513240525,2932.061513240525,14.789362658015929,130.1510107781635,3062.212524018689,5952.973375367126,5822.822364588963,84.73254442384874,12.531403284207443,2.257959373808486,104.42836070172869,2827.6331525387964,313.28508210518606,5639.68829326194,12.531403284207443,0.0,48.950794078935324,55.47756662279337,195.8031763157413,117.48190578944477,4711.915518606563,1110.9068459824002,2883.1107191615897,1235.6188796406811,5.438977119881702,5952.973375367126,0.3788825169478187
2026-02-06,Cortadera_OP,14.256208362115359,0.5427569329417143,4.136208296978425,2.7425242888222447,6.6,4316.058792139026,2932.061513240525,2932.061513240525,15.91396714122869,126.50884075070775,3058.570353991233,5952.973375367126,5826.464534616419,85.97962965906675,13.682770012094,2.2311971291346904,114.02308343411667,2818.038429806408,342.06925030235004,5610.904125064776,13.682770012094,0.0,53.44832035974218,60.57476307437449,213.79328143896873,128.2759688633813,4713.343304727455,1113.121229888964,2878.6131928807827,1233.6913683774783,5.938702262193575,5952.973375367126,0.37963774800165717
2026-02-07,Cortadera_OP,14.92589926567254,0.5634489519429247,3.9976165910592036,2.691353594016736,6.6,4071.38431041855,2932.061513240525,2932.061513240525,16.520669866675597,122.09340367527652,3054.1549169158016,5952.973375367126,5830.879971691849,86.61628595218673,14.309590652936482,2.211079213739115,119.24658877447068,2812.8149244660544,357.739766323412,5595.233609043714,14.309590652936482,0.0,55.89683848803313,63.34975028643755,223.58735395213253,134.1524123712795,4714.120612069769,1116.7593596220804,2876.164674752492,1232.6420034653536,6.210759832003681,5952.973375367126,0.38087855748559446
2026-02-08,Productora,18.525293437371815,0.5516559479835108,4.679581614006257,2.630339043478172,7.6,3120.5791389064666,2648.4265252568184,2648.4265252568184,14.610202454552256,130.0196566852184,2778.4461819420367,5377.108399763843,5247.088743078625,88.66462276010641,12.954080890816567,1.6561215637356899,107.95067409013807,2540.4758511666805,323.8520222704142,5053.25637749343,12.954080890816567,0.0,50.60187847975221,57.34879561038586,202.40751391900884,121.44450835140535,4258.132548774335,988.95619430429,2597.8246467770664,1113.353420047314,5.62243094219469,5377.108399763844,0.3734127357784225
2026-02-09,Cortadera_OP,15.14882200594789,0.5231531276659769,3.9830782565055185,2.726299170569978,6.6,3995.978563184408,2932.061513240525,2932.061513240525,15.339171511608178,121.6309609604442,3053.692474200969,5952.973375367126,5831.342414406682,85.35365570187471,13.092543639538096,2.246627872070082,109.10453032948413,2822.956982911041,327.3135909884524,5625.659784378674,13.092543639538096,0.0,51.14274859194569,57.961781737538445,204.57099436778276,122.74259662066964,4712.611377182122,1118.7310372245602,2880.9187646485793,1234.679470563677,5.682527621327298,5952.973375367126,0.38155101186405005
2026-02-10,Cortadera_OP,14.2302578863985,0.5703492440059774,4.290952915316514,2.680263052617139,6.6,4326.133150239589,2932.061513240525,2932.061513240525,16.722990674557558,131.4540085953922,3063.5155218359173,5952.973375367126,5821.519366771734,86.82340714863926,14.519470280800084,2.203520393757474,120.99558567333403,2811.065927567191,362.9867570200021,5589.986618347124,14.519470280800084,0.0,56.71668078437533,64.2789048889587,226.8667231375013,136.12003388250076,4714.380879465433,1107.1384873063007,2875.3448324561496,1232.290642481207,6.301853420486147,5952.973375367126,0.3775972919758724
2026-02-11,Cortadera_OP,13.218818268405201,0.5866783671733614,3.898851038756434,2.657883984074267,6.6,4759.094356573898,2932.061513240525,2932.061513240525,17.201770610398064,118.9545723454965,3051.0160855860217,5952.973375367126,5834.0188030216295,87.3037324353134,15.017787787838303,2.183982822559761,125.1482315653192,2806.913281675206,375.4446946959576,5577.528680671168,15.017787787838303,0.0,58.66323354624337,66.48499801907582,234.65293418497347,140.79176051098412,4714.9988327231695,1119.01997029846,2873.3982796942814,1231.4564055832634,6.518137060693707,5952.973375367126,0.3816495545012339
2026-02-12,Productora,19.809598322026723,0.6414529725522742,4.1256519387592245,2.6581752158540954,7.6,2880.550197607207,2648.4265252568184,2648.4265252568184,16.988410672122768,113.96673093002663,2762.393256186845,5377.108399763843,5263.141668833817,89.47926136699422,15.20110438740707,1.7873062847156973,126.67586989505892,2521.7506553617595,380.0276096851768,4997.080790078667,15.20110438740707,0.0,59.37931401330887,67.29655588175005,237.51725605323549,142.5103536319413,4260.9190362453055,1002.2226325885113,2589.0472112435095,1109.591661961504,6.597701557034319,5377.108399763843,0.3784219131740215
2026-02-13,Cortadera_OP,13.938135188472833,0.5274216641457116,4.589370517382765,2.744499518724831,6.6,4442.871559148562,2932.061513240525,2932.061513240525,15.46432762690911,141.03582312566496,3073.09733636619,5952.973375367126,5811.937552241461,85.49193013411036,13.220752170507064,2.2435754564020467,110.17293475422554,2821.8885784862996,330.5188042626766,5622.454571104449,13.220752170507064,0.0,51.643563166043215,58.52937158818232,206.57425266417286,123.94455159850375,4712.770365935803,1099.167186305658,2880.4179500744817,1234.4648357462063,5.738173685115912,5952.973375367125,0.37487862425193613
2026-02-14,Productora,18.658134404988523,0.5526018075313874,4.036022981483614,2.662339787613964,7.6,3093.9129989033117,2648.4265252568184,2648.4265252568184,14.635252849709897,111.38669584988995,2759.813221106708,5377.108399763843,5265.721703913953,88.67320359792474,12.97754755649434,1.6577052932155567,108.14622963745283,2540.2802956193655,324.4386889123585,5052.6697108514845,12.97754755649434,0.0,50.69354514255601,57.45268449489682,202.77418057022405,121.66450834213444,4258.161649302209,1007.5600546117439,2597.7329801142623,1113.3141343346838,5.632616126950667,5377.108399763843,0.38043723131569246
2026-02-15,Productora,18.867684318795593,0.6226734910942412,4.281068057747241,2.7121932469345795,7.6,3052.7626567400757,2648.4265252568184,2648.4265252568184,16.491049903882537,118.4519506277792,2766.8784758845977,5377.108399763843,5258.656449136064,89.30889391120695,14.727974263502652,1.7630756403798848,122.7331188625221,2525.6934063942963,368.1993565875663,5008.909043176277,14.727974263502652,0.0,57.531149466807236,65.20196939571487,230.12459786722894,138.07475872033734,4260.332317341654,998.3241317944103,2590.8953757900113,1110.3837324814333,6.392349940756359,5377.108399763843,0.37694990677440166
2026-02-16,Cortadera_OP,13.25861175362666,0.5224389241688514,4.259463753019897,2.7262167281976923,6.6,4740.428894049481,2932.061513240525,2932.061513240525,15.318230625742745,130.44641514285044,3062.5079283833757,5952.973375367126,5822.526960224276,85.33040975509111,13.07110896017614,2.2471216655666044,108.92590800146783,2823.1356052390574,326.77772400440347,5626.195651362723,13.07110896017614,0.0,51.059019375688045,57.86688862577979,204.23607750275218,122.54164650165129,4712.584796478548,1109.942163745728,2881.002493864837,1234.7153545135016,5.673224375076449,5952.973375367126,0.3785535053522857
2026-02-17,Cortadera_OP,15.122379477358487,0.4927743822827938,4.663761901778573,2.7237734856370737,6.6,4004.7766706252023,2932.061513240525,2932.061513240525,14.448448010022533,143.43377766840473,3075.4952909089297,5952.973375367126,5809.539597698721,84.33571125235818,12.185201394179694,2.2632466158428386,101.54334495149746,2830.5181682890275,304.63003485449235,5648.343340512634,12.185201394179694,0.0,47.59844294601443,53.94490200548303,190.39377178405772,114.23626307043463,4711.486200786589,1098.0533969121325,2884.4630702945105,1236.1984586976473,5.288715882890492,5952.973375367127,0.37449875862207266
2026-02-18,Cortadera_OP,14.517872261625433,0.5343244140343831,3.5256997908431282,2.7816027977591053,6.6,4217.038644714628,2932.061513240525,2932.061513240525,15.666720499750104,107.15360092334842,3039.2151141638733,5952.973375367126,5845.8197744437775,85.71318613763451,13.428445303613751,2.238275196136353,111.90371086344793,2820.157802377077,335.71113259034377,5617.262242776783,13.428445303613751,0.0,52.454864467241215,59.44884639620671,209.81945786896486,125.8916747213789,4713.027921904439,1132.7918525393388,2879.6066487732837,1234.11713518855,5.828318274137913,5952.973375367126,0.3863465508564222
2026-02-19,Productora,17.59980588860392,0.5059231295927148,3.9949289248554214,2.6932829589076954,7.6,3319.930692749798,2648.4265252568184,2648.4265252568184,13.399002361542887,110.20538407623764,2758.6319093330562,5377.108399763843,5266.903015687606,88.2497346316651,11.82458402735214,1.5744183341907476,98.5382002279345,2549.888325028884,295.6146006838035,5081.49379908004,11.82458402735214,0.0,46.18978135684429,52.3484188710902,184.75912542737717,110.8554752564263,4256.73188302103,1010.1711326665763,2602.2367438999745,1115.2443188142747,5.132197928538255,5377.108399763843,0.3814231291799269
2026-02-20,Cortadera_OP,14.739443564228473,0.5685446914054382,5.0294854417893555,2.6944353752560635,6.6,4136.675418399339,2932.061513240525,2932.061513240525,16.670080082270964,155.27725382845324,3087.338767068978,5952.973375367126,5797.696121538673,86.76948414177652,14.464542493407551,2.205537588863413,120.5378541117296,2811.5236591287953,361.6135623351888,5591.359813031937,14.464542493407551,0.0,56.502119114873246,64.03573499685635,226.00847645949298,135.60508587569583,4714.312764649718,1083.383356888955,2875.5593941256516,1232.382597482422,6.278013234985916,5952.973375367126,0.3694954392998378
2026-02-21,Productora,17.894093169423055,0.5582792906919776,4.457877973164553,2.6692635028310825,7.6,3253.8338509014834,2648.4265252568184,2648.4265252568184,14.785616819701955,123.57232621618964,2771.998851473008,5377.108399763843,5253.536073547653,88.72470972515762,13.118495604354642,1.6671212153473132,109.32079670295535,2539.105728553863,327.96239010886603,5049.146009654977,13.118495604354642,0.0,51.24412345451032,58.076673248445026,204.9764938180413,122.98589629082474,4258.336436067909,995.1996374797445,2597.182401802308,1113.078172200989,5.693791494945591,5377.108399763843,0.3757701518199527
2026-02-22,Cortadera_OP,14.339995404053006,0.564365681012434,3.6292139168330095,2.697810021532012,6.6,4283.849348295098,2932.061513240525,2932.061513240525,16.547548926903367,110.41809329727607,3042.4796065378014,5952.973375367126,5842.55528206985,86.64394841519511,14.337449756205327,2.21009917069804,119.47874796837773,2812.5827652721473,358.4362439051332,5594.537131461993,14.337449756205327,0.0,56.00566311017706,63.47308485820067,224.02265244070824,134.41359146442497,4714.1551595688625,1128.400122500988,2876.055850130348,1232.5953643415776,6.22285145668634,5952.973375367126,0.38484872073978965
2026-02-23,Cortadera_OP,14.588825534877962,0.5355087419331277,4.182413040434766,2.6342096773815036,6.6,4190.966364322217,2932.061513240525,2932.061513240525,15.701445722259763,127.98373135308718,3060.045244593612,5952.973375367126,5824.989644014039,85.75086029578695,13.464124785713786,2.237320936545977,112.20103988094822,2819.8604733595766,336.60311964284466,5616.370255724281,13.464124785713786,0.0,52.594237444194476,59.60680243675374,210.3769497767779,126.22616986606675,4713.072167293947,1111.917476720092,2879.4672757963303,1234.057403912713,5.8438041604660524,5952.973375367126,0.3792271995996417
2026-02-24,Cortadera_OP,13.49138877937257,0.5936080683775393,4.31462452985568,2.7286651104095947,6.6,4634.110367111071,2932.061513240525,2932.061513240525,17.40495371238833,132.21189200454785,3064.273405245073,5952.973375367126,5820.7614833625785,87.50354351008191,15.22995124462934,2.17500246775899,126.91626037191118,2805.145252868614,380.74878111573355,5572.224594251393,15.22995124462934,0.0,59.491997049333364,67.42426332257781,237.96798819733345,142.7807929184001,4715.2619322479595,1105.499551114619,2872.5695161911917,1231.1012212247963,6.610221894370373,5952.973375367126,0.3770383213730113
2026-02-25,Productora,18.39388884401715,0.5207212180190999,4.5303067634956795,2.725797040387919,7.6,3147.413071107215,2648.4265252568184,2648.4265252568184,13.790918860658229,125.67532368905353,2774.101848945872,5377.108399763843,5251.43307607479,88.38398288986927,12.188963366159923,1.6019554944983057,101.57469471799936,2546.851830538819,304.7240841539981,5072.3843156098455,12.188963366159923,0.0,47.6131381490622,53.96155656893716,190.4525525962488,114.27153155774928,4257.183742320147,994.249333754643,2600.813387107756,1114.6343087604669,5.2903486832291335,5377.108399763843,0.37541133358730067
2026-02-26,Productora,18.186580365632366,0.4931998648803285,3.9833176961248897,2.6670849172628106,7.6,3190.6984674357373,2648.4265252568184,2648.4265252568184,13.062036044021408,109.8717846921094,2758.298309948928,5377.108399763843,5267.236615071734,88.13430917419434,11.512135231482532,1.5499008125388762,95.93446026235443,2552.492064994464,287.8033807870633,5089.30501897678,11.512135231482532,0.0,44.969278247978636,50.9651820143758,179.87711299191454,107.92626779514876,4256.344421716628,1010.8921933551064,2603.4572470088397,1115.7673915752168,4.996586471997626,5377.1083997638425,0.381695389211177
2026-02-27,Productora,19.54791285998196,0.5685113747112244,4.380313518316354,2.738102569846925,7.6,2926.4145985156215,2648.4265252568184,2648.4265252568184,15.05660604695425,121.32374553510235,2769.7502707919207,5377.108399763843,5255.784654228741,88.81753519138023,13.372906374381074,1.6836996725731765,111.44088645317562,2536.985638803643,334.3226593595269,5042.785740404316,13.372906374381074,0.0,52.237915524926066,59.202970928249556,208.95166209970427,125.37099725982262,4258.651925614073,997.1327286146679,2596.1886097318925,1112.652261313668,5.804212836102896,5377.108399763843,0.37650005356217153
2026-02-28,Cortadera_OP,13.886680267172595,0.5980466365720689,5.408219610224789,2.7208775291288028,6.6,4464.089753389713,2932.061513240525,2932.061513240525,17.535095262159068,167.63858877538206,3099.7001020159073,5952.973375367126,5785.334786591744,87.63030342695976,15.366057184436436,2.1690380777226324,128.0504765369703,2804.011036703555,384.1514296109109,5568.821945756215,15.366057184436436,0.0,60.023660876704824,68.02681566026548,240.0946435068193,144.0567861040916,4715.430714415379,1069.904072176365,2872.0378523638205,1230.87336529878,6.669295652967202,5952.973375367126,0.36489823536952437
2026-03-01,Cortadera_OP,14.922717364043889,0.5703390073488792,4.168270484587668,2.6203971378075646,6.6,4072.4812248870076,2932.061513240525,2932.061513240525,16.722690529474537,127.53213916138671,3059.5936524019116,5952.973375367126,5825.441236205739,86.82310174186931,14.519158612383622,2.203531917090915,120.99298843653018,2811.068524803995,362.97896530959054,5589.994410057536,14.519158612383622,0.0,56.715463329623525,64.27752510690667,226.8618533184941,136.11711199109644,4714.380492971862,1111.0607432338775,2875.3460499109015,1232.2911642475292,6.301718147735947,5952.973375367127,0.3789350046772822
2026-03-02,Cortadera_OP,14.970279690336572,0.5660169823909607,3.9317035858376728,2.716493041530347,6.6,4056.146169836758,2932.061513240525,2932.061513240525,16.59596609909076,119.99793059518596,3052.059443835711,5952.973375367126,5832.975444771941,86.693663551767,14.387651013111054,2.208315085979706,119.89709177592545,2812.1644214645994,359.69127532777634,5593.28210003935,14.387651013111054,0.0,56.20176176996505,63.69533000596039,224.8070470798602,134.88422824791613,4714.217413111653,1118.758031660288,2875.85975147056,1232.5113220588112,6.244640196662783,5952.973375367126,0.381560218504363
2026-03-03,Cortadera_OP,14.634339959106068,0.4694200547746688,4.3120624473421785,2.633468674358001,6.6,4174.410828424671,2932.061513240525,2932.061513240525,13.763684761480656,132.12984486768858,3064.1913581082135,5952.973375367126,5820.843530499437,83.50952625619539,11.493987939708651,2.269696821772005,95.78323283090543,2836.2782804096196,287.3496984927163,5665.62367687441,11.493987939708651,0.0,44.89839038948692,50.88484244141851,179.59356155794768,107.75613693476862,4710.629041244833,1110.214489254604,2887.163122851038,1237.3556240790163,4.988710043276324,5952.973375367126,0.3786463838637515
2026-03-04,Cortadera_OP,14.399030850775429,0.6652306522017724,4.2712006832708225,2.6758906626885657,6.6,4261.442103318659,2932.061513240525,2932.061513240525,19.5049719274871,130.82189715249535,3062.8834103930203,5952.973375367126,5822.1514782146305,89.4419133549514,17.445620091290607,2.0593518361964946,145.38016742742172,2786.6813458131032,436.1405022822652,5516.832873084861,17.445620091290607,0.0,68.14695348160393,77.2332139458178,272.5878139264157,163.55268835584945,4718.009537464553,1104.141940750077,2863.914559758921,1227.3919541823946,7.571883720178214,5952.973375367126,0.3765752989028444
2026-03-05,Cortadera_OP,13.577454334602274,0.4538984220206738,4.468095728388395,2.610412262689597,6.6,4595.998480244882,2932.061513240525,2932.061513240525,13.308580941274235,137.1346213871614,3069.1961346276867,5952.973375367126,5815.838753979965,82.93737050817651,11.037787084645178,2.270793856629057,91.98155903870982,2840.0799542018153,275.94467711612947,5677.028698250997,11.037787084645178,0.0,43.11635579939522,48.865203239314596,172.4654231975809,103.47925391854858,4710.063315978137,1105.7754380018278,2888.94515744113,1238.1193531890556,4.790706199932802,5952.973375367126,0.37713241451736146
2026-03-06,Productora,17.131671177983566,0.5646811573971577,3.664844438233813,2.6499845409104346,7.6,3430.791757595487,2648.4265252568184,2648.4265252568184,14.955165555633531,100.75315874623999,2749.1796840030584,5377.108399763843,5276.3552410176035,88.78278745990701,13.27761284953534,1.6775527060981918,110.64677374612783,2537.7797515106904,331.9403212383835,5045.16807852546,13.27761284953534,0.0,51.86567519349742,58.78109855263042,207.46270077398967,124.47762046439382,4258.533754080287,1017.8214869373169,2596.5608500633207,1112.8117928842803,5.76285279927749,5377.108399763844,0.3843117704912046
2026-03-07,Productora,18.550778134032758,0.5392869528274133,4.9257577796520975,2.684780998462805,7.6,3115.427834767822,2648.4265252568184,2648.4265252568184,14.28261870593044,137.2138999581606,2785.640425214979,5377.108399763843,5239.894499805683,88.55241123605029,12.647603251752567,1.6350154541778732,105.39669376460473,2543.029831492214,316.1900812938142,5060.91831847003,12.647603251752567,0.0,49.404700202158466,55.99199356244627,197.61880080863386,118.57128048518035,4257.752492178272,982.1420076274107,2599.02182505466,1113.8664964519971,5.489411133573163,5377.108399763843,0.37083981687284007
2026-03-08,Cortadera_OP,14.458290311185005,0.5509598202345716,4.0478340908028825,2.6682647923502274,6.6,4239.184345412667,2932.061513240525,2932.061513240525,16.154480842517057,123.6918253711715,3055.7533386116966,5952.973375367126,5829.281549995954,86.23487480731349,13.930796330316024,2.2236845122010322,116.0899694193002,2815.9715438212247,348.2699082579006,5604.703467109226,13.930796330316024,0.0,54.417173165296965,61.67279625400324,217.66869266118786,130.60121559671276,4713.65087704668,1115.6306729492744,2877.644340075228,1233.276145746526,6.046352573921885,5952.973375367127,0.3804936110348774
2026-03-09,Productora,19.59524723610313,0.6213372217620493,3.6243889775912694,2.625656567487705,7.6,2918.0106340234165,2648.4265252568184,2648.4265252568184,16.455659792439896,99.59913928710935,2748.0256645439276,5377.108399763843,5277.509260476734,89.29677127582531,14.694372886783002,1.7612869056568936,122.45310738985836,2525.97341786696,367.3593221695751,5009.749077594268,14.694372886783002,0.0,57.3998940889961,65.05321330086227,229.5995763559844,137.75974581359068,4260.290648967744,1017.2186115089899,2591.0266311678224,1110.4399847862096,6.377766009888455,5377.1083997638425,0.38408413516789935
2026-03-10,Productora,17.704757723027956,0.5004779992491332,4.380006695200458,2.7533224113091173,7.6,3296.052688603134,2648.4265252568184,2648.4265252568184,13.254792085188662,121.3148580275951,2769.7413832844136,5377.108399763843,5255.793541736249,88.20033640918814,11.690771209474843,1.564020875713819,97.42309341229036,2551.003431844528,292.26928023687105,5084.839119526972,11.690771209474843,0.0,45.6670750370111,51.756018375279254,182.6683001480444,109.60098008882665,4256.565944506797,999.2275972294519,2602.7594502198076,1115.468335808489,5.074119448556789,5377.108399763843,0.3772910396797044
2026-03-11,Productora,18.643794520020727,0.49423072795765977,3.9741471295802495,2.723158722146381,7.6,3096.7695860926583,2648.4265252568184,2648.4265252568184,13.089337695200529,109.60836440012314,2758.0348896569417,5377.108399763843,5267.500035363721,88.14366116403188,11.537421466673454,1.551916228527075,96.14517888894545,2552.281346367873,288.43553666683636,5088.672863097007,11.537421466673454,0.0,45.06805260419318,51.077126284752275,180.2722104167727,108.16332625006365,4256.37577865511,1011.124256708611,2603.3584726526256,1115.725059708268,5.007561400465908,5377.108399763843,0.3817830123154208
2026-03-12,Cortadera_OP,14.612429986834357,0.5985967251926021,3.832018783364899,2.6522326116488038,6.6,4182.364060892853,2932.061513240525,2932.061513240525,17.551224198890438,116.83425866462353,3048.8957719051486,5952.973375367126,5836.139116702503,87.64594770147863,15.382936782328775,2.168287416561663,128.1911398527398,2803.870373387785,384.5734195582194,5568.399955808907,15.382936782328775,0.0,60.08959680597177,68.10154304676803,240.3583872238871,144.21503233433234,4715.451646456416,1120.6874702460873,2871.9719164345533,1230.84510704338,6.676621867330197,5952.973375367126,0.38221826697199796
2026-03-13,Cortadera_OP,14.594465450703256,0.504703187454592,3.672429391520777,2.7251355377740376,6.6,4188.907762174173,2932.061513240525,2932.061513240525,14.798207915454274,111.78304208186432,3043.844555322389,5952.973375367126,5841.190333285262,84.74271835176086,12.540403654901397,2.257804260552877,104.50336379084497,2827.55814944968,313.51009137253493,5639.463283994592,12.540403654901397,0.0,48.98595177695858,55.51741201388639,195.94380710783432,117.56628426470061,4711.9266797805385,1129.2636535047232,2883.0755614635664,1235.6038120558142,5.442883530773175,5952.973375367126,0.3851432340028422
2026-03-14,Productora,18.34115117588068,0.5636048972672019,2.4334065617508656,2.7264484459199725,7.6,3158.3127732569083,2648.4265252568184,2648.4265252568184,14.926661596871016,66.05435587903251,2714.4808811358507,5377.108399763843,5311.054043884811,88.77302362800805,13.25084882626311,1.6758127706079051,110.42374021885927,2538.0027850379593,331.2712206565778,5045.837179107266,13.25084882626311,0.0,51.76112822759028,58.66261199126899,207.0445129103611,124.22670774621668,4258.500564567299,1052.553479317512,2596.665397029228,1112.856598726812,5.751236469732253,5377.108399763843,0.39742596945008535
2026-03-15,Productora,18.80936541037823,0.5499734820214878,4.175398720971705,2.7353718830515756,7.6,3064.104688338036,2648.4265252568184,2648.4265252568184,14.565643579735623,115.40081125873682,2763.827336515555,5377.108399763843,5261.707588505106,88.64935942889893,12.912349730132174,1.6532938496034486,107.60291441776812,2540.82361083905,322.8087432533043,5054.299656510539,12.912349730132174,0.0,50.4388661333288,57.16404828443932,201.7554645333152,121.05327871998912,4258.080798823088,1003.6267896820182,2597.9876591234893,1113.4232824814953,5.604318459258756,5377.1083997638425,0.37895209858038115
2026-03-16,Productora,17.22065946614117,0.5372578359434791,3.5328798681275595,2.6370952736565165,7.6,3409.151702400209,2648.4265252568184,2648.4265252568184,14.228879036147863,96.9923507668128,2745.418876023631,5377.108399763843,5280.116048997031,88.53400308767924,12.597396205205293,1.63148283094257,104.97830171004411,2543.4482235467744,314.93490513013234,5062.173494633711,12.597396205205293,0.0,49.20857892658317,55.769722783460935,196.8343157063327,118.10058942379965,4257.690231455868,1022.4258175411624,2599.2179463302355,1113.9505484272438,5.467619880731463,5377.108399763843,0.38605028600595875
2026-03-17,Productora,19.568172640545654,0.5195082087882855,4.163404606350707,2.7077959400889577,7.6,2922.8116649831163,2648.4265252568184,2648.4265252568184,13.758793202435527,115.0549135175801,2763.4814387743986,5377.108399763843,5262.053486246264,88.37297847012732,12.159055354537688,1.5997378478978383,101.32546128781408,2547.1010639690044,303.97638386344227,5073.132015900401,12.159055354537688,0.0,47.49630997866284,53.829151309151236,189.98523991465137,113.99114394879089,4257.146654012084,1004.90683223418,2600.9302152781556,1114.6843779763524,5.277367775406982,5377.1083997638425,0.37943542048489864
2026-03-18,Productora,20.591373436812706,0.49904513309143383,3.6995047256483753,2.6865383450601446,7.6,2751.7118714782814,2648.4265252568184,2648.4265252568184,13.216843677796726,101.74263816408055,2750.169163420899,5377.108399763843,5275.365761599763,88.18733744740548,11.655582534034675,1.5612611437620512,97.12985445028896,2551.2966708065296,291.38956335086687,5085.718836412976,11.655582534034675,0.0,45.52961927357295,51.60023517671601,182.1184770942918,109.27108625657507,4256.5223077565,1018.843453843263,2602.8969059832457,1115.527245421391,5.0588465859525495,5377.108399763843,0.384697647500138
2026-03-19,Productora,18.465485704024267,0.4250507139282079,4.483852870787343,2.7073375329584244,7.6,3132.735429958833,2648.4265252568184,2648.4265252568184,11.257155853468138,124.3261504494902,2772.7526757063088,5377.108399763843,5252.782249314353,87.5160600767567,9.85181927965531,1.4053365738128285,82.09849399712758,2566.3280312596908,246.29548199138273,5130.81291777246,9.85181927965531,0.0,38.48366906115355,43.61482493597403,153.9346762446142,92.36080574676853,4254.2854981652545,998.4967511490986,2609.9428561956647,1118.5469383695706,4.27596322901706,5377.1083997638425,0.3770150848539301
2026-03-20,Productora,19.77495155032711,0.6024685224569409,4.005017570299744,2.662940602137643,7.6,2886.5398360027443,2648.4265252568184,2648.4265252568184,15.955936155072456,110.49530401309514,2758.9218292699134,5377.108399763843,5266.6130957507485,89.12559443572937,14.220822945993788,1.7351132090786674,118.50685788328157,2529.919667373537,355.5205736498447,5021.587826113999,14.220822945993788,0.0,55.550089632788236,62.95676825049333,222.20035853115294,133.32021511869178,4259.703409457838,1006.9096862929109,2592.8764356240304,1111.2327581245843,6.172232181420915,5377.108399763843,0.38019166349924344
2026-03-21,Productora,18.351440917248606,0.6403862513884212,3.6736686795398423,2.705858270521063,7.6,3156.180188936967,2648.4265252568184,2648.4265252568184,16.960159345868757,101.00500499214934,2749.4315302489676,5377.108399763843,5276.103394771694,89.46958407259575,15.174184024798253,1.785975321070504,126.45153353998545,2521.974991716833,379.35460061995633,4997.753799143887,15.174184024798253,0.0,59.274156346868175,67.17737719311728,237.0966253874727,142.25797523248363,4260.885652859134,1015.2177419125601,2589.15236890995,1109.6367295328357,6.586017371874242,5377.108399763843,0.38332864145215967
2026-03-22,Productora,18.814791218076287,0.5197520204874836,3.351119795046582,2.7262698794180062,7.6,3063.045906875264,2648.4265252568184,2648.4265252568184,13.765250376148767,91.82925384850648,2740.255779105325,5377.108399763843,5285.279145915337,88.37519032986245,12.165066219303581,1.6001841568451862,101.37555182752985,2547.0509734292887,304.1266554825895,5072.981744281254,12.165066219303581,0.0,47.51978991915461,53.855761908375236,190.07915967661845,114.04749580597107,4257.154107961446,1028.1250379538906,2600.906735337664,1114.674315144713,5.279976657683846,5377.108399763843,0.38820221295517837
2026-03-23,Cortadera_OP,13.962866436727527,0.5671864676554622,4.944602717183264,2.6849632597443964,6.6,4432.744872824034,2932.061513240525,2932.061513240525,16.630256126434226,152.52031699138843,3084.5818302319135,5952.973375367126,5800.453058375738,86.72878516796898,14.42321910877814,2.207037017656086,120.19349257315118,2811.868020667374,360.58047771945354,5592.392897647673,14.42321910877814,0.0,56.34069964366461,63.85279292948657,225.36279857465843,135.2176791447951,4714.261520373144,1086.191538002594,2875.7208135968604,1232.4517772557972,6.260077738184956,5952.973375367126,0.37045318902676466
2026-03-24,Cortadera_OP,14.748913091773325,0.5069408422161725,4.128944150001056,2.6901378196412478,6.6,4133.30904363844,2932.061513240525,2932.061513240525,14.86381732951777,126.27709296828237,3058.3386062088075,5952.973375367126,5826.696282398844,84.81799383286287,12.607191665878386,2.256625663639385,105.05993054898656,2827.0015826915387,315.17979164695964,5637.793583720167,12.607191665878386,0.0,49.24684244483744,55.81308810414912,196.98736977934976,118.19242186760988,4712.009502214786,1114.686780184058,2882.814670795688,1235.4920017695806,5.471871382759716,5952.973375367126,0.38017168983337674
2026-03-25,Productora,18.834309199041414,0.5755968501142791,3.5121012964506364,2.645811214725745,7.6,3059.2432491835657,2648.4265252568184,2648.4265252568184,15.244259656969298,96.40112758063997,2744.8276528374586,5377.108399763843,5280.707272183204,88.88181462423674,13.54937460914476,1.6948850478245383,112.91145507620634,2535.515070180612,338.734365228619,5038.374034535224,13.54937460914476,0.0,52.927244566971716,59.98421050923462,211.70897826788686,127.02538696073216,4258.870760230595,1021.8365119526088,2595.4992806898467,1112.3568345813628,5.880804951885746,5377.108399763843,0.38582777441919824
2026-03-26,Productora,19.63994446935357,0.4930993449663791,4.141422144263283,2.698590389143807,7.6,2910.1190697711518,2648.4265252568184,2648.4265252568184,13.059373847957206,114.42118696627884,2762.8477122230975,5377.108399763843,5262.687212797565,88.133397257535,11.509669832766757,1.5497040151904482,95.91391527305632,2552.512609983762,287.74174581916895,5089.366653944675,11.509669832766757,0.0,44.95964778424514,50.954267488811176,179.83859113698057,107.90315468218839,4256.341364426554,1006.345848371011,2603.4668774725733,1115.771518916817,4.995516420471682,5377.108399763843,0.3799787680624538
2026-03-27,Cortadera_OP,14.868505377416295,0.4628873258191434,3.7789678947099627,2.680016045238,6.6,4091.2612623240752,2932.061513240525,2932.061513240525,13.572141130011376,115.15326827638019,3047.214781516905,5952.973375367126,5837.820107090746,83.27105826256036,11.30166554784869,2.2704755821626854,94.18054623207243,2837.8809670084524,282.5416386962173,5670.431736670909,11.30166554784869,0.0,44.147131046283945,50.033415185788485,176.58852418513578,105.95311451108154,4710.390546215245,1127.429560875501,2887.9143821942407,1237.6775923689602,4.905236782920438,5952.973375367126,0.38451770393775325
2026-03-28,Productora,20.051774482311618,0.511389311404688,4.518603855768686,2.670992126588846,7.6,2839.367642120944,2648.4265252568184,2648.4265252568184,13.54377017056995,125.33530920168204,2773.7618344585003,5377.108399763843,5251.773090562161,88.29932383306333,11.959057482117393,1.5847126884525569,99.65881235097828,2548.76771290584,298.97643705293484,5078.131962710909,11.959057482117393,0.0,46.715068289521064,52.94374406145722,186.86027315808425,112.11616389485059,4256.8986407774355,994.8744497847256,2601.7114569672976,1115.0191958431276,5.190563143280118,5377.108399763843,0.37564736657674597
2026-03-29,Cortadera_OP,13.550500173859303,0.5148826034478183,3.193360662223805,2.600927318916763,6.6,4607.866832735898,2932.061513240525,2932.061513240525,15.096674654064312,96.71991466342521,3028.7814279039503,5952.973375367126,5856.253460703701,85.08250083909778,12.84462833922013,2.2520463148441827,107.03856949350109,2825.022943747024,321.11570848050326,5631.857666886623,12.84462833922013,0.0,50.17432945007863,56.864240043422456,200.69731780031452,120.41839068018874,4712.30394253391,1143.9495181697912,2881.887183790446,1235.0945073387627,5.574925494453181,5952.973375367126,0.3901519504294076
2026-03-30,Productora,20.186105244430887,0.5803896071511364,3.8794370076582716,2.673471732945178,7.6,2817.028158909872,2648.4265252568184,2648.4265252568184,15.37119230562454,106.89079999420836,2755.317325251027,5377.108399763843,5270.217599769635,88.9252945160751,13.668878028408896,1.7023142772156437,113.90731690340748,2534.519208353411,341.7219507102224,5035.386449053621,13.668878028408896,0.0,53.39405479847225,60.51326210493523,213.576219193889,128.14573151633343,4259.01895395488,1011.1986458147549,2595.0324704583463,1112.156773053577,5.932672755385805,5377.108399763843,0.38181110035389737
2026-03-31,Cortadera_OP,13.173368765865373,0.6062502168003187,4.072527183984088,2.6143921253134805,6.6,4780.59344707656,2932.061513240525,2932.061513240525,17.775629280739388,124.47841965656293,3056.539932897088,5952.973375367126,5828.494955710563,87.86213045526456,15.618046587887447,2.157582692851941,130.1503882323954,2801.9111250081296,390.4511646971862,5562.52221066994,15.618046587887447,0.0,61.007994483935335,69.14239374846005,244.03197793574134,146.41918676144485,4715.743201274818,1112.7517544357452,2871.0535187565897,1230.4515080385383,6.778666053770593,5952.973375367126,0.37951173582505365
2026-04-01,Productora,17.73993713119906,0.528717554784358,3.9838149113022467,2.567933042214211,7.6,3288.1255601790717,2648.4265252568184,2648.4265252568184,14.002695964598189,109.88606840669479,2758.3125936635133,5377.108399763843,5267.2223313571485,88.4565256570037,12.386298348597018,1.616397616001171,103.21915290497515,2545.2073723518433,309.65745871492544,5067.450941048918,12.386298348597018,0.0,48.3839779242071,54.835174980768045,193.5359116968284,116.12154701809703,4257.428453359876,1009.7938779972728,2600.0425473326113,1114.3039488568334,5.375997547134122,5377.108399763843,0.3812806843487391
2026-04-02,Productora,18.13295475111776,0.4995835906767941,4.710283175062381,2.7108862619212077,7.6,3202.089848654462,2648.4265252568184,2648.4265252568184,13.231104331314665,130.91484913555135,2779.3413743923697,5377.108399763843,5246.193550628292,88.19222233461987,11.668804949198549,1.562299382116116,97.24004124332124,2551.186484013497,291.72012372996375,5085.388276033879,11.668804949198549,0.0,45.58126933280683,51.65877191051441,182.32507733122733,109.39504639873641,4256.538704600702,989.6548460275899,2602.845255924012,1115.5051096817192,5.064585481422982,5377.108399763843,0.3736765345723997
2026-04-03,Productora,17.77533098275711,0.49216619554133617,2.977127615926106,2.750301364747218,7.6,3280.1884968401678,2648.4265252568184,2648.4265252568184,13.034660071064089,81.2664431937345,2729.692968450553,5377.108399763843,5295.841956570109,88.124931725951,11.486785288335025,1.547874782729064,95.72321073612521,2552.7033145206933,287.1696322083756,5089.938767555468,11.486785288335025,0.0,44.87025503255869,50.85295570356652,179.48102013023475,107.68861207814086,4256.312985775226,1039.5289707948832,2603.5562702242596,1115.8098300961112,4.98558389250652,5377.108399763843,0.3925081405435931
2026-04-04,Cortadera_OP,13.672928698665801,0.4752204841236237,3.9301614812883705,2.6521312557287255,6.6,4554.446940274091,2932.061513240525,2932.061513240525,13.933756918024072,119.94893920698703,3052.0104524475123,5952.973375367126,5833.024436160139,83.7184974832974,11.665131934744759,2.268624983279313,97.20943278953966,2834.8520804509853,291.62829836861897,5661.3450769985075,11.665131934744759,0.0,45.566921620096714,51.64251116944295,182.26768648038686,109.36061188823211,4710.841273381536,1122.1831627786032,2886.4945916204283,1237.0691106944691,5.062991291121857,5952.973375367126,0.38272838332725234
2026-04-05,Productora,19.123738614652353,0.459409681388923,4.216208221600996,2.6610807312260327,7.6,3003.9422367995608,2648.4265252568184,2648.4265252568184,12.167127861502074,116.57836344512063,2765.004888701939,5377.108399763843,5260.5300363187225,87.8277646295603,10.686116420377695,1.4810114411243784,89.05097016981414,2559.375555087004,267.1529105094424,5109.955489254401,10.686116420377695,0.0,41.74264226710037,47.30832790271376,166.9705690684015,100.1823414410409,4255.32009283381,1005.2099434849124,2606.683882989718,1117.1502355670218,4.638071363011152,5377.108399763843,0.3795498700449834
2026-04-06,Cortadera_OP,14.416939850108653,0.5294562509122215,4.61370707031923,2.693479626079278,6.6,4254.690906731506,2932.061513240525,2932.061513240525,15.523982962443434,141.81988332664713,3073.881396567172,5952.973375367126,5811.153492040479,85.55744493140796,13.281923174253693,2.2420597881897404,110.68269311878078,2821.3788201217444,332.0480793563423,5620.925296010784,13.281923174253693,0.0,51.882512399428485,58.80018071935229,207.53004959771394,124.51802975862839,4712.846222835291,1098.3072692051883,2880.1790008410967,1234.3624289318984,5.764723599936498,5952.973375367126,0.374585343535762
2026-04-07,Cortadera_OP,14.626073163172192,0.5521381841653547,3.6990695957611806,2.6909651300876587,6.6,4177.408086473543,2932.061513240525,2932.061513240525,16.189031197817457,112.62507590531179,3044.686589145837,5952.973375367126,5840.348299461814,86.27122887230699,13.96647615687828,2.222555040939177,116.38730130731899,2815.674211933206,349.161903921957,5603.811471445169,13.96647615687828,0.0,54.55654748780578,61.83075381951321,218.22618995122312,130.93571397073387,4713.695122863348,1126.6531765984664,2877.5049657527193,1233.2164138940225,6.061838609756197,5952.973375367126,0.3842529126727922
2026-04-08,Cortadera_OP,14.824490734002685,0.5582021578272576,4.632266599206927,2.6146315441602876,6.6,4106.636629813055,2932.061513240525,2932.061513240525,16.366830635731155,142.41809184584497,3074.47960508637,5952.973375367126,5810.555283521281,86.45709188714181,14.15028580174696,2.2165448339841944,117.91904834789135,2814.1424648926336,353.75714504367403,5599.216230323452,14.15028580174696,0.0,55.274553913074065,62.64449443481728,221.09821565229626,132.65892939137777,4713.923061411051,1096.63222211023,2876.786959327451,1232.9086968546217,6.141617101452674,5952.973375367125,0.37401405705783713
2026-04-09,Productora,18.62208587899903,0.5142897504411197,4.289543238958246,2.67072391886213,7.6,3101.104122999074,2648.4265252568184,2648.4265252568184,13.62058616735971,118.69695830265111,2767.1234835594696,5377.108399763843,5258.411441461192,88.32563661600183,12.03046944315155,1.5901167242081602,100.25391202626291,2548.1726132305557,300.7617360787887,5076.346663685054,12.03046944315155,0.0,46.99402126231074,53.25989076395217,187.97608504924295,112.78565102954576,4256.987197276734,1001.4242441844581,2601.432503994508,1114.8996445690748,5.221557918034526,5377.108399763843,0.3781204555362735
2026-04-10,Productora,18.898688723310386,0.5584194065405709,4.209084733503911,2.774404037313006,7.6,3046.7669484181697,2648.4265252568184,2648.4265252568184,14.789327685002187,116.37274395230908,2764.7992692091275,5377.108399763843,5260.735655811534,88.72598085613606,13.121976050546271,1.6673516344559154,109.34980042121893,2539.0767248355996,328.0494012636568,5049.058998500186,13.121976050546271,0.0,51.25771894744637,58.09208147377256,205.03087578978548,123.01852547387134,4258.340752097412,1002.3949037141219,2597.168806309372,1113.0723455611594,5.695302105271819,5377.108399763843,0.37848695976827956
2026-04-11,Productora,18.99108209415535,0.5003279114603908,3.795311024068581,2.7131569125543824,7.6,3029.0385430378833,2648.4265252568184,2648.4265252568184,13.25081712038044,104.48141867864224,2752.9079439354605,5377.108399763843,5272.626981085201,88.19897481276867,11.687084854490383,1.5637322658900565,97.39237378741986,2551.0341514693987,292.1771213622596,5084.931278401584,11.687084854490383,0.0,45.652675212853055,51.7396985745668,182.61070085141222,109.56642051084737,4256.561373134049,1016.0656079511518,2602.7738500439655,1115.4745071616994,5.072519468094783,5377.108399763843,0.38364878098803357
2026-04-12,Productora,17.943390119800878,0.5538053979752258,3.4086584489845952,2.6810137365948656,7.6,3243.018275006868,2648.4265252568184,2648.4265252568184,14.667129058279967,93.4616012871463,2741.8881265439645,5377.108399763843,5283.646798476697,88.68412257043124,13.007414711608345,1.6597143466716222,108.39512259673621,2540.031402660082,325.18536779020866,5051.923031973634,13.007414711608345,0.0,50.810213717220094,57.58490887951612,203.24085486888038,121.94451292132828,4258.198686944958,1025.4481115317385,2597.6163115395984,1113.2641335169708,5.645579301913344,5377.1083997638425,0.3871914518875696
2026-04-13,Cortadera_OP,14.006808916943859,0.6083730328692641,3.862788397353411,2.7345441550353535,6.6,4414.8651996399185,2932.061513240525,2932.061513240525,17.837871553693823,117.81008628047405,3049.871599520999,5952.973375367126,5835.163289086652,87.92160877501061,15.683343641227589,2.154527912466234,130.69453034356326,2801.366982896962,392.0835910306898,5560.889784336437,15.683343641227589,0.0,61.26306109854527,69.43146924501798,245.0522443941811,147.0313466365087,4715.824174803265,1119.339114283387,2870.79845214198,1230.342193775134,6.807006788727252,5952.973375367126,0.3817584007800332
2026-04-14,Productora,19.34212030918752,0.5095168033191955,4.074265584458115,2.67750841784415,7.6,2963.52182209562,2648.4265252568184,2648.4265252568184,13.494178169746187,112.48694743453106,2760.9134726913494,5377.108399763843,5264.621452329312,88.28233643971174,11.912975771589464,1.581202398156723,99.27479809657886,2549.1517271602397,297.8243942897366,5079.284005474106,11.912975771589464,0.0,46.53506160777134,52.73973648880752,186.14024643108536,111.68414785865122,4256.841495799102,1007.7799565302103,2601.891463649047,1115.0963415638773,5.170562400863482,5377.1083997638425,0.3805202624726339
2026-04-15,Cortadera_OP,14.360807874573386,0.5038483288857512,3.6722346821034195,2.67402319036921,6.6,4275.9230113741605,2932.061513240525,2932.061513240525,14.773142936364653,111.776889492339,3043.838402732864,5952.973375367126,5841.196485874787,84.7138724739742,12.514901467509882,2.258241468854772,104.29084556258235,2827.7706676779426,312.872536687747,5640.100838679379,12.514901467509882,0.0,48.88633385746047,55.40451170512188,195.54533542984188,117.32720125790513,4711.8950550441905,1129.3014308305965,2883.1751793830645,1235.6465054498847,5.431814873051163,5952.973375367126,0.38515611822293877
2026-04-16,Productora,17.35161723854271,0.47223616908412774,4.203094463950018,2.660405891446309,7.6,3377.7974795998653,2648.4265252568184,2648.4265252568184,12.50682796388068,116.19985848390807,2764.6263837407264,5377.108399763843,5260.908541279935,87.94412652593121,10.999020608935771,1.5078073549449087,91.65850507446476,2556.7680201823537,274.97551522339427,5102.13288454045,10.999020608935771,0.0,42.964924253655354,48.6935808208094,171.85969701462142,103.11581820877285,4255.708118861288,1005.2004224186467,2605.461601003163,1116.6264004299271,4.773880472628372,5377.108399763844,0.3795462750552131
2026-04-17,Productora,17.65870564513715,0.51970047709327,5.155569246297191,2.65070363246912,7.6,3306.48775269691,2648.4265252568184,2648.4265252568184,13.763885287224399,143.96360688957705,2792.3901321463954,5377.108399763843,5233.144792874266,88.37472272819014,12.16379545921072,1.6000898280136795,101.36496216008933,2547.061563096729,304.094886480268,5073.013513283576,12.16379545921072,0.0,47.514826012541874,53.85013614754746,190.0593040501675,114.03558243010048,4257.152532118078,975.9922607561884,2600.9116992442764,1114.6764425332613,5.2794251125046525,5377.108399763843,0.36851777893349197
2026-04-18,Productora,19.126593581032566,0.5046315872503029,4.673201114821624,2.6856434548046173,7.6,3003.4066972523083,2648.4265252568184,2648.4265252568184,13.364796811561527,129.83368722221584,2778.260212479034,5377.108399763843,5247.274712541627,88.23801775953474,11.792831784111392,1.571965027450135,98.27359820092828,2550.1529270558904,294.8207946027848,5082.287605161058,11.792831784111392,0.0,46.06574915668512,52.207849044243154,184.2629966267405,110.55779797604433,4256.692507719393,990.5822048222344,2602.3607761001335,1115.2974754714858,5.118416572965013,5377.108399763843,0.3740266891965891
2026-04-19,Productora,18.432799785237044,0.5792611240724016,3.8120092933003713,2.7363127449236444,7.6,3139.4191545537956,2648.4265252568184,2648.4265252568184,15.341305260434293,104.95932447208314,2753.3858497289016,5377.108399763843,5272.149075291761,88.91505691758482,13.640730304215586,1.7005749562187074,113.67275253512989,2534.7537727216886,341.01825760538964,5036.090142158454,13.640730304215586,0.0,53.28410275084213,60.38864978428776,213.13641100336852,127.88184660202111,4258.984048542935,1013.1650267488258,2595.1424225059764,1112.2038953597041,5.9204558612046805,5377.108399763843,0.3825535717478811
2026-04-20,Cortadera_OP,13.32050466712962,0.6320980991550966,4.376752081403497,2.728232578940891,6.6,4711.686708059656,2932.061513240525,2932.061513240525,18.533505091251524,134.20278656298237,3066.2642998035076,5952.973375367126,5818.770588804144,88.57257912529712,16.415603461639726,2.117901629611797,136.7966955136644,2795.2648177268607,410.39008654099314,5542.583288826133,16.415603461639726,0.0,64.12345102203018,72.67324449163421,256.4938040881207,153.8962824528724,4716.732235096435,1102.0383537077087,2867.938062218495,1229.116312379355,7.124827891336686,5952.973375367126,0.375857855891206
2026-04-21,Productora,17.816447005196284,0.46600303238864543,4.4053498272883935,2.667464779313388,7.6,3271.016214405795,2648.4265252568184,2648.4265252568184,12.341747918282007,122.04914516185603,2770.4756704186743,5377.108399763843,5255.059254601987,87.88757950982979,10.846863514582862,1.4948844036991442,90.39052928819052,2558.035995968628,271.17158786457156,5105.936811899272,10.846863514582862,0.0,42.37056060383931,48.01996868435121,169.48224241535723,101.68934544921433,4255.51943198833,999.5398226136567,2606.055964652979,1116.8811277084196,4.707840067093256,5377.108399763843,0.3774089305787825
2026-04-22,Cortadera_OP,15.044971679082188,0.47130235130086895,3.7237137363267774,2.707401328500365,6.6,4030.756386344833,2932.061513240525,2932.061513240525,13.818874853490433,113.40443380529976,3045.465947045825,5952.973375367126,5839.568941561826,83.57762115906425,11.549486873495429,2.2693879799950043,96.24572394579525,2835.8157892947297,288.73717183738574,5664.23620352974,11.549486873495429,0.0,45.11518309959152,51.13054084620373,180.46073239836608,108.27643943901967,4710.697864327407,1128.8710772344193,2886.9463301409332,1237.2627129175428,5.012798122176835,5952.973375367126,0.3850093431316817
2026-04-23,Cortadera_OP,14.804527183267636,0.5714435011172836,5.176861158393795,2.6310060320176554,6.6,4113.648535635051,2932.061513240525,2932.061513240525,16.75507496617406,160.0756476462058,3092.1371608867307,5952.973375367126,5792.897727720921,86.8560223229537,14.55279165284777,2.2022833133262907,121.27326377373141,2810.788249466794,363.81979132119426,5589.153584045932,14.55279165284777,0.0,56.8468423939366,64.42642137979482,227.3873695757464,136.43242174544787,4714.422200611326,1078.4755271095946,2875.2146708465884,1232.234858934252,6.3163158215485105,5952.973375367126,0.36782158977205753
2026-04-24,Productora,19.60152613089606,0.4501460818687886,4.525095135540672,2.677349045490652,7.6,2916.8994746217204,2648.4265252568184,2648.4265252568184,11.921788234617269,125.52389555444027,2773.9504208112585,5377.108399763843,5251.584504209403,87.74372525471365,10.460621114031355,1.4611671205859142,87.17184261692796,2561.2546826398902,261.5155278507839,5115.59287191306,10.460621114031355,0.0,40.86180122668498,46.31004139024298,163.44720490673993,98.06832294404396,4255.040460757488,996.5440434519151,2607.564724030133,1117.527738870057,4.540200136298331,5377.108399763843,0.376277776237451
2026-04-25,Cortadera_OP,13.909103396616148,0.5687206869915169,5.515294236109377,2.8217120839525713,6.6,4454.81838214695,2932.061513240525,2932.061513240525,16.67524038111538,171.15131843987575,3103.212831680401,5952.973375367126,5781.822056927251,86.77475070659685,14.469898270438641,2.205342110676739,120.58248558698868,2811.4790276535364,361.74745676096603,5591.22591860616,14.469898270438641,0.0,56.52304011890094,64.05944546808774,226.09216047560375,135.65529628536228,4714.319406238299,1067.5026506889517,2875.538473121624,1232.3736313378388,6.280337790988993,5952.973375367126,0.36407921384607783
2026-04-26,Productora,18.373012640898118,0.5536263911064915,3.944814315891316,2.6274166039887796,7.6,3151.718709313581,2648.4265252568184,2648.4265252568184,14.662388192886377,108.7661306051468,2757.1926558619652,5377.108399763843,5268.342269158697,88.68249862011808,13.002972206832817,1.6594159860535598,108.35810172360681,2540.0684235332114,325.0743051708204,5052.034094593023,13.002972206832817,0.0,50.79286018294069,57.565241540666115,203.17144073176277,121.90286443905765,4258.193177886458,1010.1490912722384,2597.6336650738776,1113.2715707459474,5.643651131437855,5377.108399763843,0.38141480673105854
2026-04-27,Cortadera_OP,13.388668025109354,0.5486877975545139,4.4237012051735825,2.598607910642655,6.6,4680.433236562938,2932.061513240525,2932.061513240525,16.08786373994299,135.709001220157,3067.770514460682,5952.973375367126,5817.264374146969,86.16455993132628,13.862036993873286,2.2258267460697034,115.51697494894405,2816.544538291581,346.5509248468322,5606.422450520294,13.862036993873286,0.0,54.14858200731752,61.36839294162653,216.5943280292701,129.9565968175621,4713.565610012399,1103.6987641345704,2877.9129312332075,1233.3912562428031,6.016509111924169,5952.973375367126,0.37642415043153665
2026-04-28,Cortadera_OP,14.430620377140245,0.5277130895517624,3.6636734986537194,2.7524365091024774,6.6,4249.548121102258,2932.061513240525,2932.061513240525,15.472872399079732,111.5063907105874,3043.5679039511124,5952.973375367126,5841.466984656538,85.50132968202229,13.229511641215792,2.2433607578639396,110.24593034346493,2821.8155828970603,330.7377910303948,5622.235584336731,13.229511641215792,0.0,51.677779848499185,58.56815049496575,206.71111939399674,124.02667163639808,4712.781228374679,1128.6857562818595,2880.383733392026,1234.4501714537253,5.741975538722131,5952.973375367126,0.38494613813010764
2026-04-29,Cortadera_OP,14.7605018059434,0.5859488866815605,3.9137865942792573,2.704142150813609,6.6,4129.196755532895,2932.061513240525,2932.061513240525,17.18038179365137,119.42881957131739,3051.4903328118426,5952.973375367126,5833.544555795809,87.28256144238463,14.99547729508002,2.184904498571351,124.96231079233351,2807.0992024481916,374.88693237700056,5578.086442990126,14.99547729508002,0.0,58.57608318390633,66.38622760842719,234.3043327356253,140.58259964137525,4714.971165941474,1118.573389854335,2873.485430056619,1231.4937557385508,6.508453687100703,5952.973375367126,0.3814972451304691
2026-04-30,Cortadera_OP,14.168017224109354,0.5737056917676813,4.107457041429986,2.664264927442326,6.6,4350.488644830769,2932.061513240525,2932.061513240525,16.821403787590498,125.59179615946697,3057.653309399992,5952.973375367126,5827.381579207659,86.92325109352613,14.621711051743203,2.199692735847295,121.84759209786003,2810.213921142665,365.5427762935801,5587.430599073547,14.621711051743203,0.0,57.116058795871886,64.73153330198815,228.46423518348755,137.07854111009257,4714.50766613575,1112.8739130719096,2874.9454544446535,1232.11948047628,6.346228755096876,5952.973375367126,0.3795533988787149
2026-05-01,Productora,17.484963264157933,0.5827005421681014,4.469425456496118,2.7068333956648685,7.6,3346.458564212924,2648.4265252568184,2648.4265252568184,15.432395721595292,123.90739811003577,2772.3339233668544,5377.108399763843,5253.201001653808,88.94625931854901,13.726538717594812,1.70585700400048,114.38782264662343,2534.038702610195,343.1634679398703,5033.944931823973,13.726538717594812,0.0,53.61929186560473,60.768530781018704,214.47716746241892,128.6863004774514,4259.090457785716,994.1105438680916,2594.8072333912137,1112.0602428819486,5.957699096178303,5377.108399763843,0.37535892892920353
2026-05-02,Cortadera_OP,13.437980349944475,0.48484450975501875,2.4868410931590397,2.6660566622074837,6.6,4658.080364311568,2932.061513240525,2932.061513240525,14.215939269586608,74.77525228941262,3006.8367655299376,5952.973375367126,5878.198123077714,84.05965752325386,11.949869863728258,2.2660694058583495,99.58224886440216,2832.479264376123,298.74674659320647,5654.226628773919,11.949869863728258,0.0,46.67917915518851,52.90306970921365,186.71671662075403,112.03002997245244,4711.194371011722,1167.0037520659916,2885.3823340853364,1236.5924288937156,5.186575461687611,5952.973375367125,0.39801475746537623
2026-05-03,Productora,17.392618608110723,0.5399285768444588,3.3880537938468285,2.725154017370547,7.6,3368.0990447724703,2648.4265252568184,2648.4265252568184,14.299611646590293,92.87683241029099,2741.3033576671096,5377.108399763843,5284.231567353552,88.55823204913293,12.66348326411227,1.6361283824780237,105.52902720093559,2542.897498055883,316.58708160280673,5060.521318161037,12.66348326411227,0.0,49.46673150043855,56.06229570049704,197.8669260017542,118.72015560105254,4257.772184653917,1026.4593826996352,2598.95979375638,1113.839911609877,5.496303500048727,5377.108399763843,0.38757329037100596
2026-05-04,Productora,17.9983420603387,0.5395730146452371,3.698232265649519,2.6903739286760335,7.6,3231.046447324542,2648.4265252568184,2648.4265252568184,14.290194842992316,101.70629947235274,2750.1328247291713,5377.108399763843,5275.402100291491,88.55500638886159,12.654682956192614,1.6355118867997014,105.45569130160513,2542.9708339552135,316.36707390481536,5060.741325859028,12.654682956192614,0.0,49.432355297627396,56.02333600397773,197.72942119050958,118.63765271430577,4257.76127157366,1017.6408287178301,2598.9941699591914,1113.8546442682248,5.492483921958599,5377.108399763843,0.3842435570755165
2026-05-05,Cortadera_OP,14.022968629896804,0.5848011633953558,3.7353926857928315,2.655912867964521,6.6,4408.32622516629,2932.061513240525,2932.061513240525,17.146729840898065,113.7739137615213,3045.8354270020463,5952.973375367126,5839.1994616056045,87.24919878620861,14.960384404219303,2.186345436678762,124.66987003516086,2807.3916432053643,374.0096101054826,5578.963765261644,14.960384404219303,0.0,58.43900157898165,66.2308684561792,233.7560063159266,140.25360378955597,4714.927647971657,1124.2718136339472,2873.6225116615433,1231.5525049978041,6.493222397664628,5952.973375367126,0.3834407322482801
2026-05-06,Cortadera_OP,14.688007385110652,0.5400559551355057,3.684976806548125,2.7726719112664293,6.6,4155.056960952434,2932.061513240525,2932.061513240525,15.83477281049168,112.1795781532688,3044.241091393794,5952.973375367126,5840.793797213857,85.89473976871042,13.601236898538343,2.2335359119533376,113.34364082115286,2818.7178724193723,340.0309224634586,5612.942452903668,13.601236898538343,0.0,53.1298316349154,60.21380918623746,212.5193265396616,127.51159592379699,4713.242197195764,1127.5516000180933,2878.93168160561,1233.8278635452614,5.903314626101711,5952.973375367127,0.38455932623729955
2026-05-07,Productora,19.326761556461072,0.4696253119080416,3.9546834167796434,2.6989767632183876,7.6,2966.328988905639,2648.4265252568184,2648.4265252568184,12.43768132989264,109.04944491403013,2757.4759701708485,5377.108399763843,5268.058954849813,87.92044082962975,10.935264254226166,1.5024170756664752,91.12720211855138,2557.299323138267,273.3816063556541,5103.726793408189,10.935264254226166,0.0,42.71587599307096,48.41132612548042,170.86350397228384,102.51810238337029,4255.629055921419,1012.4298989283934,2605.7106492637477,1116.733135398749,4.746208443674551,5377.108399763843,0.38227600021118874
2026-05-08,Productora,19.00562119286241,0.5257230888658401,3.5361343763240045,2.604321723970022,7.6,3026.267556390476,2648.4265252568184,2648.4265252568184,13.923389734922385,97.08497600194022,2745.5115012587585,5377.108399763843,5280.023423761903,88.42935986219089,12.312364413709862,1.611025321212523,102.60303678091552,2545.823488475903,307.8091103427465,5069.299289421097,12.312364413709862,0.0,48.09517349105415,54.50786328986137,192.3806939642166,115.42841637852993,4257.336769412843,1022.6866543490605,2600.3313517657643,1114.4277221853274,5.343908165672683,5377.1083997638425,0.3861487734683863
2026-05-09,Cortadera_OP,13.76472941205673,0.47229327396188137,4.157871302086139,2.6258153411545484,6.6,4515.196620745712,2932.061513240525,2932.061513240525,13.847929315459956,127.20016330479724,3059.261676545322,5952.973375367126,5825.773212062329,83.61336008312625,11.578719002592333,2.2692103128676226,96.48932502160278,2835.5721882189223,289.46797506480834,5663.505400302318,11.578719002592333,0.0,45.229371103876296,51.259953917726484,180.91748441550519,108.55049064930316,4710.734114487497,1115.0390975748314,2886.8321421366486,1237.2137752014207,5.025485678208477,5952.973375367126,0.38029185013328254
2026-05-10,Productora,19.376387352266786,0.5022865499746236,3.9940921012224986,2.66441021431013,7.6,2957.2778390456733,2648.4265252568184,2648.4265252568184,13.302690222325277,110.1813388020791,2758.6078640588976,5377.108399763843,5266.927060961764,88.21674358136978,11.735200122852639,1.5674900994726375,97.79333435710532,2550.633190899713,293.38000307131597,5083.728396692528,11.735200122852639,0.0,45.84062547989312,51.9527088772122,183.36250191957248,110.01750115174349,4256.62103988549,1010.3060210762742,2602.585899776925,1115.3939570472535,5.093402831099235,5377.108399763843,0.38147406070791584
2026-05-11,Cortadera_OP,14.164795887522628,0.5687712686102491,4.274605056570562,2.701195287893829,6.6,4351.756657443816,2932.061513240525,2932.061513240525,16.676723465291,130.93082538944563,3062.9923386299706,5952.973375367126,5822.04254997768,86.77626403039781,14.471437585860226,2.2052858794307753,120.59531321550189,2811.466200025023,361.78593964650565,5591.187435720621,14.471437585860226,0.0,56.529053069766505,64.06626014573538,226.11621227906602,135.66972736743963,4714.321315111589,1107.7212348660914,2875.5324601707584,1232.3710543588963,6.281005896640722,5952.973375367126,0.37779604208979706
2026-05-12,Productora,17.502489492266864,0.5017064389966494,4.321248376741479,2.630336339639242,7.6,3342.382744936718,2648.4265252568184,2648.4265252568184,13.287326409308681,119.6139020317554,2768.040427288574,5377.108399763843,5257.494497732088,88.2114808145776,11.720947386317631,1.5663790229910504,97.67456155264694,2550.7519637041714,293.0236846579408,5084.084715105902,11.720947386317631,0.0,45.78495072780324,51.88961082484369,183.13980291121297,109.88388174672784,4256.6033653610175,1000.8911323710709,2602.641574529015,1115.417817655292,5.087216747533693,5377.108399763843,0.37791916174605383
2026-05-13,Cortadera_OP,13.556098617232758,0.5383414151025938,4.79886576228365,2.7344581914923265,6.6,4605.39670687849,2932.061513240525,2932.061513240525,15.784501442057568,147.79834002466256,3079.8598532651877,5952.973375367126,5805.175035342464,85.8406323708486,13.54951585444793,2.2349855876096374,112.91263212039942,2819.1488811201257,338.7378963611983,5614.235479005928,13.54951585444793,0.0,52.92779630643723,59.98483581396219,211.71118522574892,127.02671113544937,4713.178058996246,1091.9969763462177,2879.1337169340877,1233.914450114609,5.880866256270803,5952.973375367126,0.3724331742069554
2026-05-14,Cortadera_OP,13.944801941941193,0.5090794306837234,3.745760560454016,2.676252598279936,6.6,4440.1371760062,2932.061513240525,2932.061513240525,14.926522058901432,114.1019911545756,3046.1635043951005,5952.973375367126,5838.871384212551,84.88962680333903,12.671068870519502,2.2554531883819298,105.59224058766252,2826.4692726528624,316.77672176298756,5636.196653604138,12.671068870519502,0.0,49.4963627754668,56.09587781219572,197.9854511018672,118.79127066112036,4712.088715018161,1126.78266919439,2882.565150465058,1235.385064485025,5.499595863940756,5952.973375367126,0.3842970770245082
2026-05-15,Cortadera_OP,14.261318263820408,0.5782381793293128,3.5477718861851915,2.755592187407659,6.6,4314.080579477769,2932.061513240525,2932.061513240525,16.95429911097751,107.84909388475215,3039.9106071252772,5952.973375367126,5845.1242814823745,87.05715554544933,14.759930548684425,2.194368562293084,122.99942123903688,2809.062092001488,368.9982637171106,5583.975111650016,14.759930548684425,0.0,57.65597870579853,65.34344253323835,230.62391482319413,138.37434889391648,4714.6790692817585,1130.445212200616,2874.4055345347265,1231.8880862291685,6.4062198561998365,5952.973375367126,0.38554621282527046
2026-05-16,Productora,18.270147466851032,0.5080643716948172,4.230613002431554,2.709859552429994,7.6,3173.107460170275,2648.4265252568184,2648.4265252568184,13.455711585344934,116.99425092927234,2765.4207761860907,5377.108399763843,5260.114148834571,88.26915998001537,11.877243585717583,1.5784679996273514,98.97702988097986,2549.4494953758385,296.9310896429396,5080.177310120904,11.877243585717583,0.0,46.395482756709306,52.58154712427055,185.58193102683722,111.34915861610236,4256.797185052734,1003.3169637818373,2602.031042500109,1115.1561610714753,5.155053639634367,5377.108399763843,0.37883511368492484
2026-05-17,Productora,19.3409504033282,0.49496370519658256,3.7549795502628904,2.716246466196914,7.6,2963.735462459437,2648.4265252568184,2648.4265252568184,13.108750058820254,103.32781266233626,2751.7543379191548,5377.108399763843,5273.780587101507,88.15031073354339,11.555403910133606,1.5533461486866482,96.29503258444672,2552.1314926723717,288.8850977533401,5088.223302010503,11.555403910133606,0.0,45.1382965239594,51.15673606048732,180.5531860958376,108.33191165750253,4256.398078312178,1017.3825087893292,2603.288228732859,1115.6949551712253,5.015366280439933,5377.1083997638425,0.38414601994317116
2026-05-18,Cortadera_OP,12.913121538468321,0.5441679752590171,3.814409204139778,2.694117875531257,6.6,4907.538705271451,2932.061513240525,2932.061513240525,15.95533976994986,116.27606932253747,3048.3375825630624,5952.973375367126,5836.697306044589,86.02380991361494,13.725391154773074,2.229948615176786,114.37825962310896,2817.683253617416,343.13477886932685,5609.8385964978,13.725391154773074,0.0,53.614809198332324,60.763450424776636,214.4592367933293,128.67554207599756,4713.396158327007,1123.3011477175824,2878.446704042193,1233.6200160180827,5.957201022036925,5952.973375367126,0.3831096798771134
2026-05-19,Cortadera_OP,13.783841921811185,0.5313276813100654,4.622327764726321,2.685085355393382,6.6,4507.109808636313,2932.061513240525,2932.061513240525,15.578854452885697,142.0977155649731,3074.159228805498,5952.973375367126,5810.875659802153,85.61748410002598,13.3382232341656,2.2406312187200967,111.15186028471334,2820.909652955812,333.45558085414,5619.517794512986,13.3382232341656,0.0,52.102434508459375,59.04942577625396,208.4097380338375,125.04584282030251,4712.916039377841,1097.9596204243117,2879.959078732066,1234.2681765994566,5.789159389828819,5952.973375367126,0.3744667754977769
2026-05-20,Productora,18.20080943939961,0.5050597239913321,3.0572344838421923,2.7073811406148365,7.6,3187.689460230917,2648.4265252568184,2648.4265252568184,13.376135698575316,83.52207467805287,2731.9485999348713,5377.108399763843,5293.58632508579,88.24190181604936,11.803356529918359,1.5727791686569574,98.36130441598633,2550.065220840832,295.083913247959,5082.024486515885,11.803356529918359,0.0,46.10686144499359,52.254442970992734,184.42744577997436,110.65646746798464,4256.705559239492,1036.8807658462983,2602.3196638118247,1115.2798559193534,5.122984604999288,5377.108399763844,0.39150822420710796
2026-05-21,Productora,18.177162710024383,0.4650142627195835,4.93111802854591,2.6192958592720292,7.6,3192.6931352201564,2648.4265252568184,2648.4265252568184,12.315561080092879,137.3709621397933,2785.797487396612,5377.108399763843,5239.7374376240505,87.87860939139206,10.822743815933126,1.4928172641597524,90.18953179944272,2558.236993457376,270.56859539832817,5106.539804365515,10.822743815933126,0.0,42.27634303098878,47.91318876845394,169.1053721239551,101.46322327437306,4255.4895216477435,984.247915976307,2606.1501822258297,1116.9215066682127,4.697371447887641,5377.108399763843,0.3716349714028273
2026-05-22,Cortadera_OP,13.492430317328141,0.6016938011038655,3.555588509842293,2.641192195636612,6.6,4633.645371243718,2932.061513240525,2932.061513240525,17.642032369720432,108.09547246491026,3040.1569857054355,5952.973375367126,5844.877902902216,87.73375970950005,15.478018287122742,2.1640140825976903,128.98348572602285,2803.078027514502,386.9504571780685,5566.022918189057,15.478018287122742,0.0,60.46100893407321,68.52247679194963,241.84403573629285,145.10642144177567,4715.569555068511,1129.3083478337048,2871.6005043064515,1230.6859304170505,6.71788988156369,5952.973375367125,0.3851584773150237
2026-05-23,Productora,18.052935608425646,0.5657019490865256,3.6052318357519004,2.7175276211299413,7.6,3219.239906020741,2648.4265252568184,2648.4265252568184,14.982200473502365,99.05300676937567,2747.479532026194,5377.108399763843,5278.055392994468,88.79204808211296,13.303002648190775,1.67919782531159,110.85835540158979,2537.5681698552285,332.57506620476937,5044.533333559074,13.303002648190775,0.0,51.964854094495216,58.893501307094574,207.85941637798086,124.7156498267885,4258.565239445682,1019.4901535487861,2596.461671162323,1112.7692876409956,5.773872677166135,5377.108399763843,0.3849418301117211
2026-05-24,Productora,18.172971029611105,0.5707950694664844,4.444808481756078,2.7175134313328435,7.6,3193.5817390988705,2648.4265252568184,2648.4265252568184,15.117088024608455,123.19318810136818,2771.619713358187,5377.108399763843,5253.9152116624755,88.83825287019994,13.429756885912372,1.6873311386960825,111.91464071593644,2536.511884540882,335.7439221478093,5041.3644776160345,13.429756885912372,0.0,52.4599878355952,59.45465288034124,209.8399513423808,125.90397080542851,4258.722424760318,995.1927869021574,2595.966537421223,1112.5570874662385,5.828887537288355,5377.108399763844,0.37576756516046955
2026-05-25,Cortadera_OP,14.009535270975142,0.5551989251988855,3.7716543136979066,2.7029328651834033,6.6,4413.760629493472,2932.061513240525,2932.061513240525,16.278774007681573,114.92167277292626,3046.9831860134514,5952.973375367126,5838.0517025942,86.36529544267867,14.059211266180172,2.2195627415014005,117.16009388483478,2814.9014193556905,351.4802816545043,5601.493093712622,14.059211266180172,0.0,54.9187940085163,62.24129987631848,219.6751760340652,131.80510562043912,4713.810121758811,1124.241580835389,2877.142719232009,1233.0611653851465,6.102088223168478,5952.973375367126,0.3834304211417697
2026-05-26,Cortadera_OP,13.031264587168836,0.5322322279458624,3.2879791809032866,2.744098981838063,6.6,4849.084403498874,2932.061513240525,2932.061513240525,15.605376316663216,99.6831327792813,3031.744646019806,5952.973375367126,5853.290242587845,85.6464279688798,13.36544738632359,2.2399289303396266,111.37872821936325,2820.6827850211616,334.13618465808975,5618.837190709037,13.36544738632359,0.0,52.20877885282652,59.169949366536734,208.83511541130608,125.30106924678367,4712.949799487164,1140.3404431006811,2879.8527343876985,1234.2226004518707,5.800975428091835,5952.973375367126,0.3889210502409865
2026-05-27,Cortadera_OP,14.066605018434819,0.5622028326484377,3.9704559953485288,2.679950151873425,6.6,4390.765292612561,2932.061513240525,2932.061513240525,16.48413288243288,121.22957923670477,3053.29109247723,5952.973375367126,5831.743796130421,86.57861182442,14.27173342090314,2.212399461529742,118.9311118408595,2813.1304013996655,356.7933355225785,5596.1800398445475,14.27173342090314,0.0,55.74895867540289,63.18215316545661,222.99583470161156,133.79750082096695,4714.073666097505,1117.670130032916,2876.312554565122,1232.7053805279093,6.194328741711431,5952.973375367126,0.38118918207744656
2026-05-28,Cortadera_OP,13.415605112236543,0.632870022635537,4.592036293039429,2.6318270923928444,6.6,4668.196358632786,2932.061513240525,2932.061513240525,18.556138362533183,141.12168795027236,3073.1832011907973,5952.973375367126,5811.851687416854,88.59334652859738,16.43950396184502,2.116634400688163,136.99586634870852,2795.0656468918164,410.9875990461255,5541.985776321,16.43950396184502,0.0,64.21681235095711,72.7790539977514,256.86724940382845,154.12034964229707,4716.761873613553,1095.0898138033008,2867.844700889568,1229.0763003812433,7.135201372328567,5952.973375367125,0.37348800796235804
2026-05-29,Cortadera_OP,14.02197376129348,0.48636109601976707,2.6207487714077784,2.6895005403715593,6.6,4408.728235860573,2932.061513240525,2932.061513240525,14.260406511770386,78.90999891218023,3010.971512152705,5952.973375367126,5874.063376454946,84.11280024134194,11.994827242848743,2.265579268921643,99.95689369040619,2832.104619550119,299.87068107121854,5653.102694295908,11.994827242848743,0.0,46.8547939173779,53.10209977302829,187.4191756695116,112.45150540170695,4711.250121729879,1162.813254725067,2885.2067193231474,1236.517165424206,5.206088213041988,5952.973375367126,0.39658555916172494
2026-05-30,Productora,17.67151294736962,0.6025574802124213,4.270098374642291,2.6563004367654544,7.6,3303.579084977072,2648.4265252568184,2648.4265252568184,15.958292135864871,118.13489420596083,2766.561419462779,5377.108399763843,5258.973505557882,89.12640146048709,14.223051515248265,1.7352406206166062,118.52542929373554,2529.9010959630828,355.5762878812066,5021.532111882637,14.223051515248265,0.0,55.55879498143854,62.966634312297,222.23517992575415,133.34110795545246,4259.706173060585,999.2673324972975,2592.86773027538,1111.229027260877,6.173199442382059,5377.108399763843,0.37730604302885024
2026-05-31,Cortadera_OP,13.965352000899319,0.5559029900093911,3.8284731944266865,2.5834079907486585,6.6,4431.729663019791,2932.061513240525,2932.061513240525,16.29941762101868,116.72185396978611,3048.783367210311,5952.973375367126,5836.25152139734,86.38686028431034,14.080555127425667,2.2188624935930132,117.3379593952139,2814.723553845311,352.0138781856417,5600.959497181484,14.080555127425667,0.0,55.00216846650651,62.33579092870739,220.00867386602604,132.00520431961567,4713.836589840712,1122.4149315566283,2877.0593447740184,1233.0254334745794,6.111352051834056,5952.973375367125,0.38280742968319625
2026-06-01,Cortadera_OP,14.596003766931831,0.5881994158423074,3.1721567025875848,2.619445098597261,6.6,4188.34661877124,2932.061513240525,2932.061513240525,17.246368693017885,96.05665338488008,3028.118166625405,5952.973375367126,5856.916721982246,87.34779179022735,15.064322217352215,2.18204647566567,125.53601847793513,2806.52549476259,376.60805543380536,5576.365319933321,15.064322217352215,0.0,58.84500866153209,66.69100981640304,235.38003464612837,141.228020787677,4715.056539108975,1141.8601828732708,2873.216504578993,1231.3785019624254,6.538334295725788,5952.973375367126,0.38943936807494967
2026-06-02,Productora,18.42192744460865,0.5765091030134102,4.499886314009676,2.6734678346057956,7.6,3141.6486921489145,2648.4265252568184,2648.4265252568184,15.26842000472731,124.79166583873554,2773.218191095554,5377.108399763843,5252.316733925108,88.89009058253765,13.572112372724407,1.6963076320029042,113.10093643937006,2535.3255888174485,339.3028093181102,5037.805590445733,13.572112372724407,0.0,53.01606395595471,60.084872483415346,212.06425582381885,127.23855349429132,4258.898956862018,993.4177770630895,2595.410461300864,1112.3187691289415,5.890673772883857,5377.108399763843,0.3750973521784817
2026-06-03,Productora,19.227550791882365,0.47469127448710186,2.9630543735590247,2.7075812998089184,7.6,2984.590964539658,2648.4265252568184,2648.4265252568184,12.571849626596059,80.87055654989257,2729.297081806711,5377.108399763843,5296.237843213951,87.96639924214699,11.059003434653855,1.512846191942204,92.1583619554488,2556.2681633013694,276.4750858663464,5100.633313897497,11.059003434653855,0.0,43.19923216661662,48.95912978883218,172.79692866646647,103.6781571998799,4255.78250232572,1040.4553408882311,2605.227293090202,1116.5259827529435,4.7999146851796235,5377.108399763843,0.3928579218512917
2026-06-04,Productora,17.7547251857337,0.5401882232832107,2.7808201818709937,2.590581869706438,7.6,3284.804675356711,2648.4265252568184,2648.4265252568184,14.306488191746082,75.7545779075095,2724.181103164328,5377.108399763843,5301.3538218563335,88.56058756162528,12.66991000204487,1.6365781897012113,105.58258335037392,2542.8439419064443,316.7477500511218,5060.360649712722,12.66991000204487,0.0,49.49183594548778,56.090747404886145,197.96734378195112,118.78040626917067,4257.780154319013,1043.573667537321,2598.9346893113307,1113.8291525619989,5.499092882831975,5377.108399763843,0.3940353480020086
2026-06-05,Cortadera_OP,14.557668289099677,0.46577986647167513,3.7174320477809744,2.713090536588814,6.6,4202.375504558347,2932.061513240525,2932.061513240525,13.656952201239095,113.20574084391463,3045.2672540844396,5952.973375367126,5839.767634523211,83.37705884343693,11.386765073047174,2.270187128191921,94.88970894205978,2837.1718042984653,284.66912682617937,5668.304248540947,11.386765073047174,0.0,44.479551066590524,50.41015787546926,177.9182042663621,106.75092255981727,4710.496076380422,1129.2715581427892,2887.5819621739347,1237.535126645972,4.94217234073228,5952.973375367126,0.38514592993470803
2026-06-06,Productora,18.292907949410793,0.5422334972660253,4.096737892986786,2.742105375269648,7.6,3168.3499008759504,2648.4265252568184,2648.4265252568184,14.36065577042112,113.13389205368334,2761.5604173105016,5377.108399763843,5263.97450771016,88.57914228719739,12.720545708255946,1.6401100621651743,106.00454756879955,2542.421977688019,318.0136427063986,5059.094757057444,12.720545708255946,0.0,49.68963167287479,56.31491589592476,198.75852669149916,119.25511601489947,4257.842946613421,1006.1315610967386,2598.736893583944,1113.7443829645474,5.521070185874977,5377.108399763843,0.37989785689794575
2026-06-07,Productora,19.704221335681204,0.5324829385584116,4.2475530045101895,2.734069078545923,7.6,2898.8451407443026,2648.4265252568184,2648.4265252568184,14.102419387247938,117.48349413053595,2765.910019387354,5377.108399763843,5259.624905633307,88.49068521860191,12.479327548176661,1.623091839071277,103.9943962348055,2544.4321290220128,311.98318870441653,5065.125211059427,12.479327548176661,0.0,48.74737323506508,55.24702299974042,194.98949294026033,116.9936957641562,4257.543816950624,1002.081088682683,2599.679152021753,1114.1482080093226,5.41637480389612,5377.108399763843,0.3783684686459297
2026-06-08,Productora,19.305064786121648,0.6137284334071178,3.972792476423058,2.706028620744187,7.6,2970.3036498134825,2648.4265252568184,2648.4265252568184,16.254146623397236,109.56945687831478,2757.995982135133,5377.108399763843,5267.538942885529,89.22774434786936,14.503208395052727,1.7509382283445092,120.86006995877273,2527.5664552980456,362.5802098763182,5014.5281898875255,14.503208395052727,0.0,56.653157793174714,64.20691216559801,226.61263117269885,135.96757870361932,4260.053589826214,1007.4853530593145,2591.773367463644,1110.760014627276,6.294795310352746,5377.108399763843,0.3804090253029083
2026-06-09,Cortadera_OP,14.532654968453514,0.51615129763567,3.928477862681377,2.6889062858081365,6.6,4211.579917180785,2932.061513240525,2932.061513240525,15.133873548067033,119.89545382992456,3051.9569670704495,5952.973375367126,5833.077921537201,85.12437746638163,12.882615644341463,2.2512579037255698,107.3551303695122,2824.706382871013,322.0653911085366,5630.90798425859,12.882615644341463,0.0,50.32271736070884,57.03241300880335,201.29086944283537,120.7745216657012,4712.351049807126,1120.726871730075,2881.7387958798163,1235.0309125199212,5.59141304007876,5952.973375367126,0.3822317051225312
2026-06-10,Productora,18.495461031516882,0.5494619755143939,3.2631399193741686,2.6921297272086275,7.6,3126.630943935685,2648.4265252568184,2648.4265252568184,14.552096705723333,89.33705632880857,2737.763581585627,5377.108399763843,5287.771343435034,88.64471904186658,12.89966523948917,1.6524314662341624,107.49721032907642,2540.929314927742,322.49163098722926,5054.616768776614,12.89966523948917,0.0,50.38931734175457,57.107892987321854,201.55726936701828,120.93436162021098,4258.065069047986,1029.7062743870483,2598.037207915064,1113.4445176778845,5.59881303797273,5377.108399763843,0.3887992604541663
2026-06-11,Cortadera_OP,13.582683365209526,0.46974608222053515,4.980608547131841,2.7134289167173558,6.6,4593.703130799167,2932.061513240525,2932.061513240525,13.773244086743503,153.68916186761447,3085.7506751081396,5952.973375367126,5799.284213499512,83.52134031767648,11.503598066473293,2.2696460202702102,95.86331722061078,2836.198196019914,287.58995166183234,5665.383423705294,11.503598066473293,0.0,44.9359299471613,50.92738727344948,179.7437197886452,107.84623187318715,4710.64095856473,1088.643254934782,2887.1255832933634,1237.3395356971557,4.992881105240144,5952.973375367126,0.371289364161944
2026-06-12,Cortadera_OP,14.53159505708536,0.5682168985562714,2.830424659357047,2.751767749231936,6.6,4211.970834379631,2932.061513240525,2932.061513240525,16.660468994297393,85.40717792307282,3017.468691163598,5952.973375367126,5867.566197444054,86.75967078543994,14.454568050762713,2.2059009435346795,120.45473375635595,2811.6067794841692,361.36420126906785,5591.609174098058,14.454568050762713,0.0,56.46315644829185,63.9915773080641,225.8526257931674,135.51157547590046,4714.300395549216,1153.2658018948378,2875.5983567922335,1232.3992957681,6.273684049810205,5952.973375367126,0.393329333878894
2026-06-13,Productora,17.45957049589086,0.5320157081440534,4.071135613821202,2.6679035062709997,7.6,3352.3814554458586,2648.4265252568184,2648.4265252568184,14.09004513302001,112.39686424470203,2760.8233895015205,5377.108399763843,5264.711535519142,88.48644650428285,12.46778024905906,1.6222648839609484,103.89816874215884,2544.5283565146597,311.6945062264765,5065.413893537367,12.46778024905906,0.0,48.702266597886954,55.19590214427189,194.80906639154782,116.88543983492869,4257.529497383267,1007.1820381358748,2599.7242586589314,1114.1675394252563,5.411362955320772,5377.108399763843,0.38029449883953576
2026-06-14,Cortadera_OP,14.225505029189266,0.5939490853413951,4.439926885728909,2.69588455749231,6.6,4327.983377432937,2932.061513240525,2932.061513240525,17.41495253953917,136.22989517473954,3068.2914084152644,5952.973375367126,5816.743480192386,87.51331608363476,15.240402461741892,2.174550077797276,127.00335384784911,2805.058159392676,381.01006154354735,5571.963313823579,15.240402461741892,0.0,59.53282211617927,67.47053173166984,238.13128846471707,142.87877307883028,4715.27489258664,1101.4685876057465,2872.5286911243456,1231.0837247675765,6.6147580129088075,5952.973375367125,0.3756635331938856
2026-06-15,Cortadera_OP,14.546756279219624,0.5406214411831165,3.639482126370716,2.6360180328037526,6.6,4206.385958679297,2932.061513240525,2932.061513240525,15.851353209256422,110.74230095829239,3042.8038141988172,5952.973375367126,5842.231074408834,85.9125476945487,13.6183013861338,2.233051823122622,113.48584488444833,2818.5756683560767,340.45753465334496,5612.5158407137815,13.6183013861338,0.0,53.19648978958515,60.289355094863176,212.7859591583406,127.67157549500436,4713.263358514707,1128.9677158941267,2878.86502345094,1233.7992957646886,5.910721087731683,5952.973375367127,0.3850423024196336
2026-06-16,Productora,17.838930160695014,0.5619321102879324,4.509812000815249,2.7398374090197044,7.6,3266.0222674049487,2648.4265252568184,2648.4265252568184,14.882359062801001,125.07992681910525,2773.506452075924,5377.108399763843,5252.0284729447385,88.75784810453212,13.209261651331982,1.6730974114690191,110.07718042776652,2538.349344829052,330.2315412832996,5046.876858480544,13.209261651331982,0.0,51.59867832551555,58.47850210225097,206.3947133020622,123.83682798123738,4258.448993169815,993.5794797749231,2596.8278469313027,1112.9262201134154,5.733186480612838,5377.108399763843,0.37515840832268343
2026-06-17,Cortadera_OP,13.506910591316247,0.5339274468412795,3.57580538470958,2.679654336562568,6.6,4627.190289318766,2932.061513240525,2932.061513240525,15.655081177460918,108.73289000935682,3040.7944032498817,5952.973375367126,5844.240485357769,85.7005396928846,13.4164890584432,2.238592119017717,111.80407548702668,2820.2574377534984,335.41222646108,5617.561148906047,13.4164890584432,0.0,52.408160384543756,59.395915102482924,209.63264153817502,125.779584922905,4713.013095211519,1131.2273901462504,2879.653352855981,1234.1371512239919,5.8231289316159724,5952.973375367127,0.3858129800612586
2026-06-18,Cortadera_OP,13.637817148901517,0.5324306029247126,4.209226685040782,2.7060728606756173,6.6,4569.64025323257,2932.061513240525,2932.061513240525,15.611192793069979,128.84029574679008,3060.9018089873152,5952.973375367126,5824.1330796203365,85.652769034955,13.371418906649769,2.2397738864202097,111.42849088874807,2820.633022351777,334.28547266624423,5618.687902700882,13.371418906649769,0.0,52.23210510410066,59.19638578464741,208.92842041640264,125.35705224984159,4712.957204646297,1111.1758749740393,2879.8294081364243,1234.212603487039,5.803567233788962,5952.973375367125,0.37897427115912163
2026-06-19,Cortadera_OP,14.55985894364425,0.476006824501605,3.727871991652391,2.7120126369119557,6.6,4201.571302245472,2932.061513240525,2932.061513240525,13.956812901609931,113.5359757713419,3045.597489011867,5952.973375367126,5839.437399595784,83.74663034028815,11.688360507996913,2.2684523936130176,97.40300423330761,2834.6585090072176,292.2090126999228,5660.764362667203,11.688360507996913,0.0,45.65765823436294,51.74534599894467,182.63063293745176,109.57837976247106,4710.870078655906,1128.5673209398783,2886.4038550061623,1237.0302235740694,5.073073137151438,5952.973375367126,0.3849057449318591
2026-06-20,Cortadera_OP,13.889777167561746,0.5486382848386687,3.7301849429471097,2.640168653519984,6.6,4462.806970720907,2932.061513240525,2932.061513240525,16.08641199665753,113.60914843352295,3045.670661674048,5952.973375367126,5839.364226933603,86.16302436521352,13.86053908816866,2.2258729084888724,115.5044924014055,2816.5570208391196,346.5134772042165,5606.45989816291,13.86053908816866,0.0,54.14273081315882,61.36176158824668,216.57092325263528,129.9425539515812,4713.563752490444,1125.8004744431591,2877.9187824273663,1233.3937638974426,6.0158589792398685,5952.973375367126,0.3839620926639156
2026-06-21,Cortadera_OP,13.10275009975004,0.6227261319702684,4.618304974444327,2.6782802617725627,6.6,4814.38647434484,2932.061513240525,2932.061513240525,18.25871324839164,141.96806073059815,3074.029573971123,5952.973375367126,5811.005314636528,88.31839793398753,16.12580302434023,2.132910224051411,134.3816918695019,2797.679821371023,403.14507560850575,5549.82829975862,16.12580302434023,0.0,62.991418063829016,71.39027380567289,251.96567225531606,151.17940335318968,4716.372859554149,1094.6324550823792,2869.0700951766958,1229.6014693614409,6.999046451536557,5952.973375367126,0.3733320225852245
2026-06-22,Cortadera_OP,14.496630182789753,0.5455882347812974,4.021785019847293,2.648988281595068,6.6,4224.90741051441,2932.061513240525,2932.061513240525,15.996982652790775,122.86247534047199,3054.923988580997,5952.973375367126,5830.110900026654,86.06816322767078,13.768309141106144,2.2286735116846312,114.73590950921788,2817.325603731307,344.2077285276536,5608.7656468394725,13.768309141106144,0.0,53.78245758244587,60.953451926772004,215.1298303297835,129.07789819787013,4713.44938003625,1116.6615199904045,2878.2790556580794,1233.5481667106053,5.975828620271764,5952.973375367126,0.3808451885977884
2026-06-23,Productora,18.492204951771562,0.4750320868601045,3.1431455331113716,2.66228636027773,7.6,3127.292893710853,2648.4265252568184,2648.4265252568184,12.580875791884017,85.94528542613787,2734.3718106829565,5377.108399763843,5291.163114337705,87.96949109199487,11.067332409036348,1.5135433828476685,92.2277700753029,2556.1987551815155,276.6833102259087,5100.425089537935,11.067332409036348,0.0,43.23176722279823,48.99600285250467,172.92706889119293,103.75624133471578,4255.792830914984,1035.3702834227215,2605.19475803402,1116.5120391574371,4.803529691422026,5377.108399763843,0.39093789219707403
2026-06-24,Productora,17.3275866637439,0.5990918221529253,3.6667831096961074,2.6414900778324135,7.6,3383.5076590501917,2648.4265252568184,2648.4265252568184,15.866506728542479,100.80848500202326,2749.2350102588416,5377.108399763843,5276.29991476182,89.09496101057134,14.1362579835346,1.730248745007879,117.80214986278834,2530.6243753940303,353.40644958836504,5023.7019501754785,14.1362579835346,0.0,55.21975774818203,62.58239211460631,220.87903099272813,132.5274185956369,4259.5985421928835,1016.7013725689367,2593.2067675086364,1111.3743289322726,6.135528638686893,5377.108399763843,0.3838888346998212
2026-06-25,Productora,18.01725974985659,0.4469604603137381,3.993692474273065,2.67278978519826,7.6,3226.945466418116,2648.4265252568184,2648.4265252568184,11.837419388359013,110.16985607689357,2758.596381333712,5377.108399763843,5266.93854368695,87.71482529596622,10.383171736049942,1.4542476523090713,86.52643113374951,2561.900094123069,259.57929340124855,5117.529106362595,10.383171736049942,0.0,40.55926459394509,45.967166539804424,162.23705837578035,97.3422350254682,4254.944417382015,1011.994126304935,2607.8672606628734,1117.6573974269456,4.506584954882787,5377.108399763843,0.38211146001371576
2026-06-26,Cortadera_OP,13.186451267857045,0.5652691356945133,4.490568908947946,2.7129475736640325,6.6,4774.38511561986,2932.061513240525,2932.061513240525,16.574038773926183,137.85679717774283,3069.918310418268,5952.973375367126,5815.116578189383,86.6711663938209,14.364912723925956,2.2091260500002274,119.7076060327163,2812.353907207809,359.1228180981489,5593.850557268977,14.364912723925956,0.0,56.112940327835766,63.59466570488053,224.45176131134306,134.67105678680585,4714.189215828435,1100.9273623609479,2875.9485729126895,1232.5493883911527,6.234771147537307,5952.973375367126,0.3754789445546792
2026-06-27,Productora,18.979130596124733,0.5267313910666036,4.262795581234796,2.7296259092838393,7.6,3031.320165474814,2648.4265252568184,2648.4265252568184,13.950093877862152,117.92386207254789,2766.350387329366,5377.108399763843,5259.184537691295,88.43850717975623,12.337254775755854,1.6128391021062978,102.81045646463213,2545.6160687921865,308.4313693938964,5068.677030369947,12.337254775755854,0.0,48.1924014677963,54.61805499683582,192.7696058711852,115.66176352271117,4257.3676354372055,1001.8169022540897,2600.2341237890223,1114.386053052438,5.354711274199588,5377.108399763843,0.3782687164247244
2026-06-28,Productora,18.08072572144113,0.5308196297454995,4.877835230293492,2.6988696871051614,7.6,3213.2630229650013,2648.4265252568184,2648.4265252568184,14.058367875449841,135.81049423147337,2784.237019488292,5377.108399763843,5241.29790553237,88.47559568105116,12.438224720837782,1.6201431546120588,103.65187267364819,2544.7746525831703,310.95561802094454,5066.152781742899,12.438224720837782,0.0,48.58681531577258,55.0650573578756,194.34726126309033,116.60835675785421,4257.492846182595,983.8050593497755,2599.839709941046,1114.2170185461625,5.3985350350858425,5377.108399763843,0.37146775640844926
2026-06-29,Productora,16.395274470720544,0.5368693880140638,3.630233364433925,2.7092493249705982,7.6,3620.995476801343,2648.4265252568184,2648.4265252568184,14.218591278148416,99.76579451102282,2748.192319767841,5377.108399763843,5277.34260525282,88.53047908806359,12.587786978118416,1.6308043000300003,104.89822481765347,2543.528300439165,314.6946744529604,5062.413725310883,12.587786978118416,0.0,49.171042883275064,55.72718193437841,196.68417153310025,118.01050291986013,4257.678315251644,1019.6642900011766,2599.255482373543,1113.966635302947,5.463449209252785,5377.108399763843,0.38500758102107424
2026-06-30,Productora,19.833210531600514,0.5308470807888065,4.896059513137134,2.7580296707814456,7.6,2876.482406658136,2648.4265252568184,2648.4265252568184,14.059094896162243,136.34402336483143,2784.77054862165,5377.108399763843,5240.764376399012,88.47584471691604,12.438902968932375,1.6201919272298682,103.65752474110313,2544.769000515715,310.9725742233094,5066.135825540534,12.438902968932375,0.0,48.58946472239209,55.068060018711044,194.35785888956835,116.61471533374103,4257.493687264061,983.2706891349508,2599.837060534426,1114.2158830861827,5.39882941359912,5377.1083997638425,0.3712659874676353
2026-07-01,Productora,18.43759417319439,0.5267906303402816,4.088461408998972,2.763024924943049,7.6,3138.436998000035,2648.4265252568184,2648.4265252568184,13.951662786499611,112.89558902037764,2761.322114277196,5377.108399763843,5264.2128107434655,88.43904459844703,12.338717273977329,1.6129455125222822,102.82264394981108,2545.603881307007,308.4679318494332,5068.64046791441,12.338717273977329,0.0,48.19811435147394,54.62452959833714,192.79245740589576,115.67547444353747,4257.369449051072,1006.843361692394,2600.2284109053444,1114.383604673719,5.35534603905266,5377.108399763843,0.38016662047845945
2026-07-02,Productora,17.220445884310642,0.5564732581006784,3.6698317268113283,2.63244480420347,7.6,3409.2033141234756,2648.4265252568184,2648.4265252568184,14.737785373499204,100.8954916486043,2749.3220169054225,5377.108399763843,5276.212908115239,88.70832539748935,13.073642605507265,1.6641427679919385,108.94702171256054,2539.479503544258,326.84106513768165,5050.267334626162,13.073642605507265,0.0,51.06891642776275,57.87810528479779,204.275665711051,122.56539942663065,4258.280814789577,1017.9320933256622,2597.3576088290556,1113.153260926738,5.674324047529194,5377.108399763843,0.38435353354835966
2026-07-03,Cortadera_OP,14.127995041217252,0.4797025509798322,3.1545818380043023,2.5621206288882856,6.6,4366.295181781833,2932.061513240525,2932.061513240525,14.06517387531267,95.50713057078475,3027.56864381131,5952.973375367126,5857.466244796341,83.87823268056233,11.797619270060428,2.2675546052522417,98.31349391717023,2833.748019323355,294.9404817515107,5658.032893615616,11.797619270060428,0.0,46.084450273673546,52.22904364349669,184.33780109469419,110.60268065681649,4711.005568192194,1146.460676604147,2885.977062966852,1236.8473127000793,5.120494474852616,5952.973375367126,0.3910083985028931
2026-07-04,Productora,19.500501348809767,0.5116152286724223,4.2850284413149495,2.641004756076791,7.6,2934.8809240765404,2648.4265252568184,2648.4265252568184,13.54975342341376,118.56643533034239,2766.9929605871607,5377.108399763843,5258.541964433501,88.30137335451622,11.964618359024925,1.585135064388835,99.70515299187439,2548.721372264944,299.11545897562314,5077.99294078822,11.964618359024925,0.0,46.736790464941116,52.96836252693327,186.94716185976446,112.16829711585868,4256.905536706141,1001.6364277273597,2601.689734791877,1115.0098863393757,5.192976718326791,5377.108399763843,0.37820057236824073
2026-07-05,Cortadera_OP,14.949284987344074,0.5294119240346614,4.401615994444064,2.7351475584052665,6.6,4063.340516778006,2932.061513240525,2932.061513240525,15.522683271126473,135.00028256359758,3067.0617958041225,5952.973375367126,5817.973092803529,85.55602026653116,13.280590045354408,2.2420932257720647,110.67158371128674,2821.3899295292385,332.0147511338602,5620.958624233266,13.280590045354408,0.0,51.87730486466565,58.79427884662109,207.5092194586626,124.5055316751976,4712.844569649652,1105.1285231538768,2880.1842083758597,1234.3646607325113,5.76414498496285,5952.973375367126,0.37691177970290424
2026-07-06,Productora,18.895306722591616,0.48443506835718164,3.9092431637754963,2.7290771517328687,7.6,3047.419823429042,2648.4265252568184,2648.4265252568184,12.829906848017599,107.7454651155259,2756.171990372344,5377.108399763843,5269.362934648318,88.05479494013635,11.297348166032407,1.5325586819851917,94.14456805027007,2554.281957206548,282.4337041508102,5094.674695613034,11.297348166032407,0.0,44.13026627356409,50.01430177670598,176.52106509425636,105.91263905655381,4256.078068708878,1013.2848659394394,2604.296258983254,1116.1269681356803,4.903362919284898,5377.108399763843,0.3825988209513122
2026-07-07,Productora,19.09796004594582,0.5409896607550835,3.654197556491241,2.6807306302736382,7.6,3008.7864870936173,2648.4265252568184,2648.4265252568184,14.327713674334507,100.44935525670215,2748.8758805135208,5377.108399763843,5276.6590445071415,88.56785820237012,12.689749130726181,1.6379645436083266,105.74790942271818,2542.6786158341,317.24372826815454,5059.8646714956885,12.689749130726181,0.0,49.56933254189914,56.17857688081904,198.27733016759657,118.96639810055797,4257.804756413112,1018.8542880940295,2598.857192714919,1113.7959397349653,5.507703615766571,5377.108399763843,0.3847017383256388
2026-07-08,Cortadera_OP,13.88928513066164,0.5026198481813419,4.170826115011174,2.6503718771805254,6.6,4463.010730534215,2932.061513240525,2932.061513240525,14.737123126433083,127.61373425716648,3059.6752474976915,5952.973375367126,5825.35964110996,84.6723334794514,12.478266038890775,2.2588570875423084,103.98555032408979,2828.0759629164354,311.95665097226936,5641.016724394857,12.478266038890775,0.0,48.74322671441709,55.242323609672695,194.97290685766836,116.983744114601,4711.849624205129,1113.510016904831,2883.3182865261083,1235.7078370826177,5.415914079379676,5952.973375367126,0.37977034652120095
2026-07-09,Productora,18.2033028446416,0.5511741032106128,4.202276210082809,2.654974415425501,7.6,3187.162766748222,2648.4265252568184,2648.4265252568184,14.59744114977626,116.17624449664001,2764.6027697534582,5377.108399763843,5260.932155267204,88.66025146432668,12.942128030748732,1.6553131190275288,107.8510669229061,2540.575458333912,323.5532007687183,5053.5551989951255,12.942128030748732,0.0,50.555187620112235,57.295879302793864,202.22075048044894,121.33245028826934,4258.117726279213,1002.814428987991,2597.871337636706,1113.373430415731,5.6172430689013595,5377.108399763844,0.37864536524786085
2026-07-10,Productora,17.897350370495033,0.5287046908932191,4.2073475221708545,2.714226230014601,7.6,3253.1170072346204,2648.4265252568184,2648.4265252568184,14.002355273893087,116.32260398332545,2764.7491292401437,5377.108399763843,5260.785795780518,88.45640895578327,12.385980644516556,1.6163746293765318,103.2165053709713,2545.210019885847,309.64951611291394,5067.458883650929,12.385980644516556,0.0,48.3827368926428,54.83376847832851,193.5309475705712,116.11856854234276,4257.428059381601,1003.357736398917,2600.0437883641757,1114.304480727504,5.375859654738088,5377.1083997638425,0.3788505087191804
2026-07-11,Productora,19.18719149931735,0.536025128547871,4.067964482825207,2.6705426155950516,7.6,2992.0845048280617,2648.4265252568184,2648.4265252568184,14.196231686503774,112.30560241983073,2760.7321276766493,5377.108399763843,5264.802797344013,88.52281996618628,12.566904617826426,1.6293270686773482,104.72420514855355,2543.7023201082648,314.17261544566065,5062.935784318182,12.566904617826426,0.0,49.089471163384474,55.63473398516908,196.3578846535379,117.81473079212276,4257.652419467551,1007.1503778764618,2599.337054093434,1114.0015946114715,5.454385684820497,5377.108399763843,0.38028254447376003
2026-07-12,Productora,17.727438770225543,0.45815359945781087,3.459468859080114,2.734615804461472,7.6,3290.9374993245856,2648.4265252568184,2648.4265252568184,12.133861454459542,94.90468906074028,2743.3312143175585,5377.108399763843,5282.203710703103,87.81636945428126,10.655516603918818,1.478344850540724,88.79597169932349,2559.6305535574947,266.38791509797045,5110.720484665873,10.655516603918818,0.0,41.62311173405788,47.17285996526561,166.49244693623152,99.89546816173893,4255.282146632845,1026.9215640702578,2606.8034135227604,1117.201462938326,4.624790192673097,5377.108399763843,0.38774780205415627
2026-07-13,Productora,18.29635400733795,0.5416790725197596,4.126312737862094,2.5965528291644344,7.6,3167.6308243725257,2648.4265252568184,2648.4265252568184,14.34597223837843,113.98577042915917,2762.4122956859774,5377.108399763843,5263.1226293346845,88.57411254589925,12.706817596224772,1.6391546421536578,105.89014663520643,2542.536378621612,317.67043990561933,5059.437959858224,12.706817596224772,0.0,49.636006235253014,56.25414039995342,198.54402494101205,119.12641496460728,4257.825922664971,1005.2967066697138,2598.7905190215656,1113.7673652949566,5.5151118039170015,5377.108399763843,0.37958263032131123
2026-07-14,Productora,18.533335165312902,0.5769661570361049,4.38071150458696,2.681967910279632,7.6,3118.9517997773496,2648.4265252568184,2648.4265252568184,15.280524744699111,121.33527378006342,2769.7617990368817,5377.108399763843,5255.77312598378,88.89423697663153,13.58350587782565,1.6970188668734618,113.19588231521375,2535.230642941605,339.58764694564127,5037.520752818202,13.58350587782565,0.0,53.060569835256445,60.13531247995731,212.24227934102578,127.34536760461549,4258.91308571259,996.86004027119,2595.3659554215624,1112.2996951806695,5.895618870584049,5377.108399763843,0.37639709116511144
2026-07-15,Productora,18.99327196596359,0.6104232044881922,3.9608738861389154,2.6992493484635682,7.6,3028.6208538560854,2648.4265252568184,2648.4265252568184,16.166610063987953,109.22718570773574,2757.653710964554,5377.108399763843,5267.881214056108,89.19775931111687,14.42025393364277,1.7463561303451822,120.16878278035642,2528.257742476462,360.50634834106927,5016.602051422774,14.42025393364277,0.0,56.32911692829207,63.83966585206435,225.3164677131683,135.18988062790098,4259.950719710379,1007.9304943457282,2592.0974083285264,1110.8988892836542,6.25879076981023,5377.108399763843,0.38057710294530034
2026-07-16,Cortadera_OP,13.673068114781882,0.6004056506348918,2.8904839601098358,2.6896728394257217,6.6,4554.386814128154,2932.061513240525,2932.061513240525,17.60426300558703,87.27339111231653,3019.3349043528415,5952.973375367126,5865.699984254809,87.69729155083276,15.43846185338505,2.165801152201979,128.65384877820875,2803.4076644623165,385.9615463346263,5567.0118290325,15.43846185338505,0.0,60.30649161478535,68.3473571634234,241.2259664591414,144.7355798754849,4715.520501951278,1150.1794823035316,2871.75502162574,1230.752152125317,6.700721290531705,5952.973375367126,0.3922767230870095
2026-07-17,Productora,18.017493795405688,0.6061840005332717,3.741533186060594,2.6710924711581328,7.6,3226.8947951648825,2648.4265252568184,2648.4265252568184,16.0543378619861,102.94341955648686,2751.369944813305,5377.108399763843,5274.164980207356,89.15930125283784,14.31393545851659,1.740402403469508,119.28279548763827,2529.14372976918,357.8483864629148,5019.260013300928,14.31393545851659,0.0,55.913810384830434,63.368985102807834,223.65524153932174,134.19314492359305,4259.818876363248,1014.3461038441083,2592.512714871988,1111.0768778022805,6.212645598314492,5377.1083997638425,0.3829995260094093
2026-07-18,Cortadera_OP,13.837812079406627,0.4650950081064019,3.5071434490409032,2.757855798590626,6.6,4484.429765386884,2932.061513240525,2932.061513240525,13.636871732690711,106.56913574649744,3038.6306489870226,5952.973375367126,5846.404239620629,83.35202099492615,11.366608189683511,2.2702635430072,94.72173491402926,2837.339778326496,284.1652047420878,5668.808170625039,11.366608189683511,0.0,44.400813240951216,50.32092167307804,177.60325296380486,106.56195177828292,4710.471080245298,1135.9331593753304,2887.660699999574,1237.5688714283888,4.933423693439024,5952.973375367126,0.387417915431076
2026-07-19,Cortadera_OP,13.62273435991518,0.5186100867373453,4.3515814740950916,2.6589855081310314,6.6,4576.19797970744,2932.061513240525,2932.061513240525,15.205966757009007,133.3958758394848,3065.4573890800098,5952.973375367126,5819.5774995276415,85.20524409849723,12.956281092845868,2.249685664163138,107.9690091070489,2824.0925041334763,323.9070273211467,5629.06634804598,12.956281092845868,0.0,50.61047301892917,57.358536088119735,202.44189207571668,121.46513524543002,4712.442400809737,1107.1350987179048,2881.451040221596,1234.9075886663982,5.62338589099213,5952.973375367127,0.37759613627419947
2026-07-20,Cortadera_OP,14.13976201211278,0.5231560533788495,3.8790784126235387,2.7304175299315987,6.6,4361.635974686101,2932.061513240525,2932.061513240525,15.339257295309304,118.32696079756828,3050.388474038093,5952.973375367126,5834.646414569558,85.35375086290578,13.092631456058404,2.2466258392508998,109.10526213382003,2822.956251106705,327.3157864014601,5625.657588965666,13.092631456058404,0.0,51.14309162522814,57.962170508591896,204.57236650091255,122.74341990054756,4712.611486081576,1122.0349284879821,2880.918421615297,1234.679323549413,5.68256573613646,5952.973375367126,0.3826778269900296
2026-07-21,Productora,19.428648146561574,0.5537138613395225,3.135809359554375,2.691910759756994,7.6,2947.805618447455,2648.4265252568184,2648.4265252568184,14.664704777739672,85.73819314528671,2734.1647184021053,5377.108399763843,5291.370206618557,88.68329215007215,13.005142980988461,1.6595617967512108,108.37619150823718,2540.050333748581,325.12857452471155,5051.979825239132,13.005142980988461,0.0,50.80133976948618,57.57485173875101,203.2053590779447,121.92321544676685,4258.195869818696,1033.1743367998606,2597.625185487332,1113.267936637428,5.644593307720686,5377.108399763844,0.3901087407737972
2026-07-22,Productora,18.652093424993694,0.6721239653820863,2.9744950990265746,2.6678343647208758,7.6,3095.115754030752,2648.4265252568184,2648.4265252568184,17.80070938178713,81.19238057610306,2729.6189058329214,5377.108399763843,5295.91601918774,89.75750861394629,15.977473256701128,1.8232361250860016,133.1456104725094,2515.280914784309,399.4368314175282,4977.671568346315,15.977473256701128,0.0,62.41200490898878,70.73360556352061,249.6480196359551,149.7888117815731,4261.8817952598065,1034.0342239279335,2586.0145203478296,1108.2919372919268,6.934667212109864,5377.108399763843,0.3904334192649211
2026-07-23,Productora,18.266624961947045,0.5729790878163746,3.886267065441405,2.725217958539819,7.6,3173.8450364330547,2648.4265252568184,2648.4265252568184,15.174930145903424,107.08659903319841,2755.513124290017,5377.108399763843,5270.021800730645,88.85806628467014,13.484149487699257,1.690780658204167,112.36791239749381,2536.0586128593245,337.10373719248145,5040.004662571362,13.484149487699257,0.0,52.67245893632522,59.69545346116859,210.68983574530088,126.41390144718056,4258.789875903405,1011.2319248272397,2595.754066320493,1112.4660284230683,5.852495437369469,5377.108399763843,0.38182366593280526
2026-07-24,Productora,18.235856763522865,0.6310804914710314,4.020865621668663,2.6569742691682063,7.6,3180.302188298643,2648.4265252568184,2648.4265252568184,16.71370313183989,110.9508565157959,2759.377381772614,5377.108399763843,5266.157543248048,89.3851622186252,14.939570657134526,1.7741324747053628,124.49642214278772,2523.9301031140308,373.4892664283632,5003.61913333548,14.939570657134526,0.0,58.35769787943174,66.13872426335598,233.43079151772696,140.05847491063622,4260.594713663122,1005.5628295849256,2590.0688273773867,1110.0294974474514,6.484188653270193,5377.108399763843,0.3796831137263345
2026-07-25,Productora,18.18198118189887,0.5677084404168156,3.9232727236949607,2.7186621764008594,7.6,3191.6722671434673,2648.4265252568184,2648.4265252568184,15.035340922120742,108.14793386298932,2756.5744591198077,5377.108399763843,5268.960465900854,88.81025097146134,13.352924007350262,1.6824169147704797,111.27436672791886,2537.1521585288997,333.8231001837566,5043.285299580087,13.352924007350262,0.0,52.15985940371196,59.1145073242069,208.63943761484785,125.18366256890874,4258.627145893051,1010.3333200078023,2596.2666658531066,1112.6857139370456,5.795539933745773,5377.108399763843,0.38148436831179605
2026-07-26,Productora,18.429723547025795,0.5830128307916375,3.5351847308049784,2.70665155394339,7.6,3140.0496625656488,2648.4265252568184,2648.4265252568184,15.440666456336377,97.0579478809893,2745.4844731378075,5377.108399763843,5280.050451882854,88.94909240094174,13.73433267356786,1.7063337827685174,114.45277227973217,2533.9737529770864,343.3583168391965,5033.750082924647,13.73433267356786,0.0,53.64973700612445,60.803035273607726,214.5989480244978,128.75936881469872,4259.100122909692,1020.950328973162,2594.776788250694,1112.0471949645832,5.961081889569383,5377.108399763844,0.3854931670698927
2026-07-27,Productora,18.87187640897618,0.5428152490186507,5.202280965613008,2.7017992599738383,7.6,3051.9506007327336,2648.4265252568184,2648.4265252568184,14.376063038148798,145.33956134714967,2793.7660866039682,5377.108399763843,5231.768838416694,88.5844199390972,12.734952052423067,1.6411109857257316,106.1246004368589,2542.3019248199594,318.3738013105767,5058.734598453267,12.734952052423067,0.0,49.745906454777604,56.378693982081295,198.98362581911042,119.3901754914663,4257.860811623549,973.9080267931449,2598.6806188020405,1113.7202652008743,5.527322939419734,5377.108399763843,0.3677308082763236
2026-07-28,Cortadera_OP,14.406989017208522,0.5041348459003904,4.328522908409456,2.7118940106729283,6.6,4258.439451929246,2932.061513240525,2932.061513240525,14.781543791479775,132.65704486591312,3064.718558106438,5952.973375367126,5820.316330501213,84.72354599586298,12.523448053072997,2.2580957384067784,104.36206710894164,2827.6994461315835,313.08620132682495,5639.887174040301,12.523448053072997,0.0,48.91971895731639,55.442348151625254,195.67887582926556,117.40732549755938,4711.9056534885885,1108.4106770126245,2883.1417942832086,1235.6321975499466,5.43552432859071,5952.973375367126,0.3780311811356253
2026-07-29,Productora,17.657232130302894,0.5460320766893523,3.8363784730458557,2.7298819014461757,7.6,3306.8227313805846,2648.4265252568184,2648.4265252568184,14.46125835545146,105.65707018522589,2754.0835954420445,5377.108399763843,5271.451329578617,88.6136029997258,12.814642067864433,1.646616287587026,106.78868389887027,2541.637841357948,320.36605169661084,5056.742348067232,12.814642067864433,0.0,50.057195577595444,56.73148832127483,200.22878231038177,120.13726938622906,4257.9596335673,1013.4916960113169,2598.369329679223,1113.5868555768097,5.561910619732827,5377.108399763843,0.38267691640531293
2026-07-30,Cortadera_OP,14.84063469132952,0.5224414682137561,3.6807687253857706,2.7417146281733475,6.6,4100.983757792156,2932.061513240525,2932.061513240525,15.318305218704277,112.04657861183938,3044.1080918523644,5952.973375367126,5840.926796755287,85.33049261523169,13.071185303425104,2.247119915279173,108.9265441952092,2823.1349690453158,326.7796325856276,5626.193742781498,13.071185303425104,0.0,51.05931759150431,57.86722660370489,204.23727036601724,122.54236221961037,4712.584891150236,1128.3419056050507,2881.0021956490205,1234.715226706723,5.673257510167145,5952.973375367126,0.38482886546196743
2026-07-31,Cortadera_OP,14.817827724489497,0.6193158351312908,4.32989547160783,2.7008610840266782,6.6,4108.974255423729,2932.061513240525,2932.061513240525,18.15872124728872,132.70101387720425,3064.7625271177294,5952.973375367126,5820.272361489922,88.22495542821474,16.020523726754234,2.1381975205344865,133.50436438961862,2798.5571488509063,400.51309316885585,5552.460282198271,16.020523726754234,0.0,62.58017080763373,70.9241935819849,250.3206832305349,150.19240993832094,4716.242304869644,1104.0300566202786,2869.4813424328913,1229.7777181855247,6.953352311959303,5952.973375367127,0.37653714004113803
2026-08-01,Cortadera_OP,13.261520111670714,0.4877090290999274,4.224913544692944,2.713457611513539,6.6,4739.070444549132,2932.061513240525,2932.061513240525,14.299928738838004,129.3416363235907,3061.4031495641157,5952.973375367126,5823.631739043535,84.15989427151739,12.034804907508393,2.2651238313296105,100.29004089590327,2831.771472344622,300.8701226877098,5652.103252679416,12.034804907508393,0.0,47.01095666995466,53.279084225948615,188.04382667981864,112.82629600789116,4711.299697206886,1112.3320418366493,2885.0505565705707,1236.4502385302446,5.223439629994962,5952.973375367125,0.3793685899199625
2026-08-02,Cortadera_OP,15.195899387892071,0.5800820504600828,3.051590915934449,2.7903580019517196,6.6,3980.4100159148006,2932.061513240525,2932.061513240525,17.00836254675657,92.29086235966307,3024.352375600188,5952.973375367126,5860.682513007463,87.11132940317162,14.816210724190785,2.1921518225657834,123.46842270158989,2808.593090538935,370.4052681047697,5582.5681072623565,14.816210724190785,0.0,57.875823141370255,65.59259956021964,231.50329256548102,138.90197553928866,4714.7488611660665,1145.9336518413966,2874.1856900991547,1231.793867185352,6.430647015707805,5952.973375367126,0.3908286530369912
2026-08-03,Productora,17.287662552389616,0.4930941361284613,4.5678447525996235,2.7299442244555725,7.6,3393.037285578979,2648.4265252568184,2648.4265252568184,13.059235895712133,126.76650940846856,2775.193034665287,5377.108399763843,5250.341890355375,88.1333500029574,11.509542079679823,1.5496938160323097,95.91285066399853,2552.51367459282,287.73855199199556,5089.369847771848,11.509542079679823,0.0,44.95914874874931,50.95370191524922,179.83659499499723,107.90195699699834,4256.3412060025885,994.0006843527863,2603.4673765080693,1115.7717327891726,4.995460972083256,5377.108399763844,0.3753174478783767
2026-08-04,Cortadera_OP,14.113579231796463,0.5152107191987337,3.8722883001336457,2.7443211008844015,6.6,4372.016798653666,2932.061513240525,2932.061513240525,15.106295209715784,118.11149243251175,3050.1730056730366,5952.973375367126,5834.861882934614,85.09334105654925,12.854451303812613,2.2518439059031703,107.12042753177178,2824.9410857087532,321.36128259531534,5631.612092771811,12.854451303812613,0.0,50.21270040551802,56.90772712625376,200.85080162207208,120.51048097324326,4712.316123789606,1122.5457591450086,2881.848812835007,1235.0780626435742,5.579188933946447,5952.973375367126,0.3828520493433874
2026-08-05,Productora,16.656068249820592,0.6063989139034245,3.708240687687063,2.6781904311751066,7.6,3551.269647874898,2648.4265252568184,2648.4265252568184,16.06002968468755,101.99214418186645,2750.418669438685,5377.108399763843,5275.116255581977,89.16125094693186,14.319323369316015,1.7407063153715345,119.32769474430013,2529.0988305125184,357.9830842329004,5019.125315530943,14.319323369316015,0.0,55.93485691139068,63.39283783290945,223.73942764556273,134.24365658733768,4259.825557800251,1015.2906977817265,2592.491668345428,1111.0678578623263,6.214984101265631,5377.108399763843,0.38335618832516927
2026-08-06,Cortadera_OP,13.639578054738307,0.5025730661467092,4.5645196373351204,2.746648867948402,6.6,4568.875867926783,2932.061513240525,2932.061513240525,14.735751448400507,140.23560529273158,3072.2971185332567,5952.973375367126,5812.737770074395,84.67074961810391,12.476871213221314,2.258880235179193,103.97392677684428,2828.087586463681,311.92178033053284,5641.051595036593,12.476871213221314,0.0,48.737778176645755,55.236148600198526,194.95111270658302,116.97066762394982,4711.847894510599,1100.8898755637956,2883.3237350638797,1235.710172170234,5.415308686293972,5952.973375367127,0.37546615942142636
2026-08-07,Cortadera_OP,15.342997034378664,0.49979622517857913,4.314852086347642,2.635956248704462,6.6,3932.5369574763804,2932.061513240525,2932.061513240525,14.654332763090071,132.21917939785513,3064.28069263838,5952.973375367126,5820.754195969271,84.57647129733449,12.394117543190758,2.2602152198993135,103.28431285992299,2828.777200380602,309.852938579769,5643.120436787357,12.394117543190758,0.0,48.4145216530889,54.869791206834094,193.6580866123556,116.1948519674134,4711.745273392009,1109.0089225772617,2883.6469915874363,1235.8487106803298,5.379391294787655,5952.973375367126,0.3782352169520417
2026-08-08,Cortadera_OP,14.552550874538182,0.4935668771169991,3.835459053294258,2.6348888500888563,6.6,4204.2553379843575,2932.061513240525,2932.061513240525,14.471684446050686,116.94333238700159,3049.0048456275267,5952.973375367126,5836.030042980125,84.36305492245644,12.208755097426327,2.2629293486243593,101.73962581188606,2830.321887428639,305.21887743565816,5647.754497931468,12.208755097426327,0.0,47.69044959932159,54.04917621256447,190.76179839728636,114.4570790383718,4711.515409247954,1124.5146337321703,2884.3710636412034,1236.1590272748015,5.298938844369065,5952.973375367125,0.38352354773394665
2026-08-09,Cortadera_OP,13.422071158880764,0.5239204657687341,3.898220320146493,2.681100329326568,6.6,4665.268504613115,2932.061513240525,2932.061513240525,15.361670336795553,118.93454844343329,3050.9960616839585,5952.973375367126,5834.038826923693,85.37859573966352,13.115578415712482,2.246091921083071,109.29648679760402,2822.765026442921,327.88946039281205,5625.083914974314,13.115578415712482,0.0,51.23272818637688,58.063758611227136,204.93091274550753,122.95854764730453,4712.639942132735,1121.3988847909577,2880.8287850541483,1234.6409078803492,5.692525354041876,5952.973375367126,0.38246089985731013
2026-08-10,Productora,18.128592351626025,0.5778735198753286,3.8696105426864023,2.6793309337921265,7.6,3203.020106709681,2648.4265252568184,2648.4265252568184,15.304555582813437,106.60915098252941,2755.035676239348,5377.108399763843,5270.499248781314,88.90246857230898,13.606127717142275,1.698427865671162,113.38439764285229,2535.042127613966,340.1531929285569,5036.955206835287,13.606127717142275,0.0,53.14893639508701,60.23546124776528,212.59574558034805,127.55744734820885,4258.941138588728,1011.5581101925864,2595.277588861731,1112.2618237978847,5.90543737723189,5377.108399763844,0.3819468278790537
2026-08-11,Cortadera_OP,14.791065438021631,0.5340694221647302,4.0470648663307,2.7277924999759433,6.6,4118.390309961698,2932.061513240525,2932.061513240525,15.659243981278117,123.66732835869618,3055.728841599221,5952.973375367126,5829.30604700843,85.70506377378442,13.420765040646907,2.238478940631209,111.83970867205757,2820.2218045684676,335.5191260161727,5617.454249350953,13.420765040646907,0.0,52.42486344002698,59.414845232030586,209.69945376010793,125.81967225606479,4713.018397768815,1116.2876492396153,2879.636649800498,1234.129992771642,5.824984826669664,5952.973375367126,0.3807176773743366
2026-08-12,Cortadera_OP,13.924181174145007,0.5432224721676372,4.232348521840511,2.7002879644519,6.6,4448.605743715971,2932.061513240525,2932.061513240525,15.927617037701012,129.57931013207593,3061.640823372601,5952.973375367126,5823.39406523505,85.99421854706274,13.696829804739808,2.2307872329612035,114.14024837283173,2817.9212648676935,342.42074511849523,5610.5526302486305,13.696829804739808,0.0,53.50324142476487,60.63700694806686,214.0129656990595,128.40777941943574,4713.36073998619,1110.03332524886,2878.5582718157602,1233.6678307781829,5.944804602751653,5952.973375367125,0.3785845966178408
2026-08-13,Cortadera_OP,13.538253573264905,0.5512635418431959,4.067699560531476,2.654918443505873,6.6,4613.279484246428,2932.061513240525,2932.061513240525,16.163386146910927,124.32460468708648,3056.3861179276114,5952.973375367126,5828.64877068004,86.24425244745606,13.939991552599,2.2233945943119267,116.16659627165834,2815.8949169688667,348.499788814975,5604.473586552152,13.939991552599,0.0,54.453092002339844,61.71350426931849,217.81236800935937,130.6874208056156,4713.662279852088,1114.9864908279515,2877.608421238185,1233.2607519592223,6.050343555815538,5952.973375367126,0.38027390823586926
2026-08-14,Cortadera_OP,14.061683439871821,0.5767669366847105,4.624621309706178,2.6980506642634414,6.6,4392.738918636725,2932.061513240525,2932.061513240525,16.911161371628744,142.17164158826475,3074.23315482879,5952.973375367126,5810.8017337788615,87.0138056450315,14.715045088226677,2.196116283402066,122.62537573522232,2809.4361375053027,367.876127205667,5585.097248161459,14.715045088226677,0.0,57.48064487588546,65.14473085933686,229.92257950354184,137.95354770212515,4714.623407748452,1096.1783260304092,2874.5808683646396,1231.9632292991312,6.386738319542829,5952.973375367126,0.37385925263856723
2026-08-15,Cortadera_OP,14.33353375476696,0.5670883859358063,4.605487294295341,2.7011006607629806,6.6,4286.316220241235,2932.061513240525,2932.061513240525,16.627380310080675,141.55501886131117,3073.616532101836,5952.973375367126,5811.418356505815,86.72584239172646,14.420235641593525,2.2071446684871496,120.16863034661272,2811.8928828939124,360.50589103983816,5592.467484327288,14.420235641593525,0.0,56.329045474974706,63.83958487163801,225.31618189989882,135.18970913993934,4714.257820637052,1097.160535868763,2875.7324677655506,1232.4567718995215,6.258782830552745,5952.973375367126,0.37419424214472813
2026-08-16,Cortadera_OP,14.342045652820518,0.5706026065713148,4.9908597879500824,2.7289407674236505,6.6,4283.067215555744,2932.061513240525,2932.061513240525,16.730419420824774,154.02210639489874,3086.083619635424,5952.973375367126,5798.951268972228,86.83096437812351,14.527184527607016,2.2032348932177577,121.05987106339181,2811.0016421771334,363.1796131901754,5589.793762176951,14.527184527607016,0.0,56.74681456096491,64.3130565024269,226.98725824385963,136.1923549463158,4714.390445743714,1084.560823228514,2875.3146986795605,1232.277728005526,6.30520161788499,5952.973375367125,0.3698970223956364
2026-08-17,Cortadera_OP,13.871671980952723,0.4824071291303779,4.382355445564413,2.710566652440533,6.6,4470.316872263656,2932.061513240525,2932.061513240525,14.144473770360332,134.3824751086005,3066.4439883491254,5952.973375367126,5818.590900258526,83.97389999164929,11.877666258267451,2.26680751209288,98.98055215222877,2833.080961088296,296.9416564566863,5656.03171891044,11.877666258267451,0.0,46.39713382135723,52.58341833087154,185.58853528542892,111.35312117125738,4711.104832810506,1107.4860674480196,2885.6643794191677,1236.7133054653575,5.155237091261914,5952.973375367126,0.3777158366039947
2026-08-18,Cortadera_OP,14.883274266285014,0.4994142826284368,3.729006884481202,2.689893405616064,6.6,4086.127901174598,2932.061513240525,2932.061513240525,14.643133972574658,113.57187886777696,3045.633392108302,5952.973375367126,5839.401496499349,84.5634627576945,12.382741143457482,2.260392829117176,103.18950952881235,2828.8720037117128,309.5685285864371,5643.404846780689,12.382741143457482,0.0,48.37008259163078,54.81942693718157,193.48033036652313,116.08819821991395,4711.73116575345,1127.6703307458993,2883.6914306488943,1235.8677559923833,5.374453621292309,5952.973375367126,0.3845998201789409
2026-08-19,Cortadera_OP,14.008369633423527,0.5713365315277686,3.6101381576797067,2.66760330317316,6.6,4414.232814690568,2932.061513240525,2932.061513240525,16.751938552009022,109.8159800968433,3041.8774933373684,5952.973375367126,5843.157395270283,86.85283676757383,14.549533845980669,2.2024047060283536,121.24611538317224,2810.8153978573528,363.7383461495167,5589.23502921761,14.549533845980669,0.0,56.834116585861985,64.41199879731025,227.33646634344794,136.40187980606876,4714.418160672254,1128.7392345980288,2875.227396654663,1232.2403128519984,6.314901842873553,5952.973375367126,0.3849643772822972
2026-08-20,Cortadera_OP,14.848722566260083,0.5486004302593412,4.154802255050917,2.623431253066064,6.6,4098.157602911663,2932.061513240525,2932.061513240525,16.08530207710607,127.10220307101116,3059.163716311536,5952.973375367126,5825.871172296115,86.1618502660622,13.859393890519927,2.2259081865861443,115.49494908766606,2816.566564152859,346.4848472629982,5606.488528104128,13.859393890519927,0.0,54.13825738484346,61.356691702822594,216.55302953937385,129.93181772362433,4713.562332354471,1112.3088399416438,2877.9232558556814,1233.3956810810062,6.015361931649274,5952.973375367126,0.37936067675207674
2026-08-21,Productora,19.115704214615718,0.478066028016035,4.417200913339489,2.6861596345559766,7.6,3005.450369011517,2648.4265252568184,2648.4265252568184,12.661227494218362,122.3926499125678,2770.819175169386,5377.108399763843,5254.715749851275,87.99701500616146,11.141502258051574,1.5197252361667886,92.84585215042979,2555.5806731063885,278.5375564512894,5098.570843312554,11.141502258051574,0.0,43.52149319551396,49.32435895491583,174.08597278205585,104.45158366923354,4255.884807414259,998.8309424370163,2604.905032061304,1116.387870883416,4.835721466168217,5377.108399763843,0.37714126969792355
2026-08-22,Cortadera_OP,14.440310905329067,0.6091746535086714,4.290949451986008,2.6632542778203443,6.6,4245.91277222969,2932.061513240525,2932.061513240525,17.861375563944076,131.45389773892984,3063.515410979455,5952.973375367126,5821.519477628196,87.94401509046534,15.708010821319668,2.153364742624408,130.9000901776639,2801.161423062861,392.70027053299174,5560.273104834135,15.708010821319668,0.0,61.35941727077995,69.54067290688397,245.4376690831198,147.26260144987194,4715.854764064292,1105.6647135639041,2870.702095969745,1230.3008982727479,6.817713030086661,5952.973375367126,0.3770946511766458
2026-08-23,Productora,18.253910756879318,0.5373290584370637,4.901724176693974,2.6033605621337106,7.6,3176.5101148945846,2648.4265252568184,2648.4265252568184,14.230765311559907,136.50990216867274,2784.9364274254913,5377.108399763843,5240.598497595171,88.53464921814104,12.599158149646458,1.6316071619134487,104.99298458038716,2543.433540676431,314.9789537411615,5062.129446022682,12.599158149646458,0.0,49.21546152205647,55.77752305833069,196.8618460882259,118.1171076529356,4257.692416406812,982.9060811883583,2599.211063734762,1113.9475987434694,5.46838461356183,5377.108399763843,0.37112831781997263
2026-08-24,Cortadera_OP,14.125478176122192,0.570628538142887,3.396295656656229,2.6611616296536367,6.6,4367.29304310742,2932.061513240525,2932.061513240525,16.731179750454622,103.08246303966735,3035.1439762801924,5952.973375367126,5849.890912327459,86.83173766865978,14.527974109786683,2.203205640667939,121.06645091488903,2810.995062325636,363.19935274466707,5589.77402262246,14.527974109786683,0.0,56.74989886635423,64.3165520485348,226.99959546541692,136.19975727925015,4714.391424888283,1135.499487439176,2875.311614374171,1232.2764061603589,6.305544318483803,5952.973375367126,0.38727000859685845
2026-08-25,Cortadera_OP,13.681983833052591,0.5122340621775329,3.240860311854371,2.669716774230567,6.6,4550.54501643312,2932.061513240525,2932.061513240525,15.019017794815982,98.20676187079687,3030.268275111322,5952.973375367126,5854.766613496329,84.99474512516052,12.765375895006347,2.253641899809635,106.37813245838623,2825.683380782139,319.1343973751587,5633.838977991967,12.765375895006347,0.0,49.864749589868545,56.51338286851769,199.45899835947418,119.67539901568452,4712.205663213208,1142.5609502831212,2882.1967636506565,1235.2271844217098,5.540527732207615,5952.973375367126,0.3896783696807093
2026-08-26,Cortadera_OP,13.452195958284475,0.4919732742564382,3.6290599766829406,2.7136114082644185,6.6,4651.676137221024,2932.061513240525,2932.061513240525,14.424959029902281,110.41323332841928,3042.4747465689443,5952.973375367126,5842.5601420387065,84.30802566794856,12.16139816152108,2.2635608683812016,101.34498467934233,2830.7165285611827,304.03495403802697,5648.9384213291,12.16139816152108,0.0,47.50546156844172,53.839523110900615,190.02184627376687,114.0131077642601,4711.4566828889465,1131.10345914976,2884.5560516720834,1236.2383078594642,5.278384618715746,5952.973375367126,0.38577071253176415
2026-08-27,Productora,18.673900587974625,0.55111486172205,3.319556850888454,2.6485058965268538,7.6,3090.778361224996,2648.4265252568184,2648.4265252568184,14.59587218247921,90.93465161751037,2739.361176874329,5377.108399763843,5286.173748146333,88.65971402554243,12.940658536519766,1.655213645959444,107.83882113766472,2540.587704119154,323.5164634129942,5053.591936350849,12.940658536519766,0.0,50.549447408280336,57.28937372938439,202.19778963312135,121.31867377987285,4258.11590398974,1028.057844156593,2597.877077848538,1113.3758905065163,5.616605267586704,5377.108399763843,0.3881768417407397
2026-08-28,Cortadera_OP,14.36497366077641,0.5555409072302333,4.20104107669138,2.664871076185234,6.6,4274.340011986001,2932.061513240525,2932.061513240525,16.28880113120492,128.57875487321544,3060.6402681137406,5952.973375367126,5824.394620493911,86.3757734434839,14.069577961749204,2.2192231694557165,117.2464830145767,2814.8150302259482,351.7394490437301,5601.233926323396,14.069577961749204,0.0,54.95928891308282,62.287194101493874,219.8371556523313,131.90229339139879,4713.8229772840705,1110.5716432098407,2877.102224327442,1233.0438104260465,6.106587657009202,5952.973375367126,0.37876819370765274
2026-08-29,Cortadera_OP,14.504122516062878,0.3899690268812533,4.857353614437091,2.67463470295404,6.6,4222.12865349789,2932.061513240525,2932.061513240525,11.434131750743825,149.691648594419,3081.753161834944,5952.973375367126,5803.281726772707,80.35423765110731,9.18780940033341,2.2463223504104146,76.56507833611175,2855.4964349044135,229.69523500833526,5723.278140358791,9.18780940033341,0.0,35.88988047005238,40.67519786605937,143.55952188020953,86.13571312812573,4707.769196825964,1095.5125299467427,2896.171632770473,1241.2164140444884,3.9877644966724866,5952.973375367125,0.3736321782471672
2026-08-30,Cortadera_OP,14.91074035418046,0.5725738551136504,4.049142754050725,2.6132455275828996,6.6,4076.615430464207,2932.061513240525,2932.061513240525,16.78821764066491,123.73350245674939,3055.7950156972743,5952.973375367126,5829.239872910377,86.88964787899367,14.58722319313284,2.2009944475320715,121.560193276107,2810.501319964418,364.680579828321,5588.292795538805,14.58722319313284,0.0,56.98134059817515,64.57885267793185,227.9253623927006,136.7552174356204,4714.464898453941,1114.7749744564362,2875.08017264235,1232.1772168467214,6.331260066463905,5952.973375367126,0.3802017691042173
2026-08-31,Cortadera_OP,14.303870801898166,0.5589956104202792,4.3018327440922945,2.628358606222437,6.6,4297.677237303485,2932.061513240525,2932.061513240525,16.39009515383695,131.80229660638818,3063.8638098469132,5952.973375367126,5821.171078760738,86.4812619884017,14.174361130138063,2.215734023698886,118.11967608448387,2813.9418371560414,354.3590282534516,5598.614347113675,14.174361130138063,0.0,55.368598164601806,62.751077919882064,221.47439265840723,132.88463559504436,4713.9529167289975,1107.2181620317406,2876.6929150759233,1232.8683921753957,6.152066462733534,5952.973375367126,0.3776244655958937
2026-09-01,Productora,19.612498976315848,0.5939974135619036,3.885897390129197,2.693458345458953,7.6,2914.959669506333,2648.4265252568184,2648.4265252568184,15.731585060112897,107.07600074276179,2755.50252599958,5377.108399763843,5270.032399021082,89.04874453583359,14.008778991617296,1.7228060684956006,116.73982493014414,2531.6867003266743,350.2194747904324,5026.888924973411,14.008778991617296,0.0,54.72179293600506,62.01803199413908,218.88717174402024,131.33230304641216,4259.440458125527,1010.5919408955551,2593.7047323208135,1111.5877424232058,6.080199215111673,5377.108399763844,0.381582019081144
2026-09-02,Productora,19.215736906879407,0.5116959025840858,2.9630319323029215,2.7254014725554314,7.6,2986.7805691700974,2648.4265252568184,2648.4265252568184,13.551890012689219,80.86992535895563,2729.296450615774,5377.108399763843,5296.238474404888,88.30210522824282,11.966604179420564,1.5852858332686548,99.72170149517137,2548.7048237616473,299.1651044855141,5077.943295278329,11.966604179420564,0.0,46.744547575861574,52.9771539193098,186.9781903034463,112.18691418206782,4256.907999281037,1039.330475123851,2601.681977680957,1115.0065618632673,5.193838619540174,5377.108399763843,0.3924331920150464
2026-09-03,Cortadera_OP,13.470658644919197,0.5997426422909526,4.591309440531508,2.660195789769982,6.6,4643.38481349574,2932.061513240525,2932.061513240525,17.584823193104814,141.0982755032092,3073.159788743734,5952.973375367126,5811.875099863917,87.67849095561523,15.418107612927333,2.166715580177481,128.48423010772777,2803.577283132797,385.45269032318333,5567.520685043943,15.418107612927333,0.0,60.226982862997396,68.25724724473037,240.90793145198958,144.54475887119375,4715.495261077694,1096.3798387862234,2871.8345303775277,1230.7862273046546,6.691886984777488,5952.973375367126,0.3739279799674122
2026-09-04,Productora,18.291227864417444,0.49872204849474333,3.030496565289009,2.7411060402382077,7.6,3168.7005965609255,2648.4265252568184,2648.4265252568184,13.208287019638956,82.76877991455306,2731.1953051713713,5377.108399763843,5294.33961984929,88.18440642394431,11.647649507039498,1.5606375125994578,97.06374589199582,2551.3627793648225,291.19123767598745,5085.917162087856,11.647649507039498,0.0,45.49863088687304,51.565115005122784,181.99452354749215,109.1967141284953,4256.512470173421,1037.827149675869,2602.927894369945,1115.540526158548,5.055403431874781,5377.108399763843,0.3918655623550782
2026-09-05,Cortadera_OP,14.750566539746277,0.40584837643033483,3.219092263190218,2.63884038420259,6.6,4132.721812047181,2932.061513240525,2932.061513240525,11.899724047425376,97.52519120959326,3029.5867044501183,5952.973375367126,5855.4481841575325,81.03338560424373,9.642749273191125,2.2569747742342514,80.35624394325937,2851.7052692972657,241.06873182977813,5711.904643537348,9.642749273191125,0.0,37.66698934840283,42.68925459485654,150.66795739361132,90.40077443616681,4708.333358374649,1147.1148257828836,2894.3945238921224,1240.4547959537667,4.1852210387114255,5952.973375367127,0.3912315006362497
2026-09-06,Productora,20.692062005439762,0.5554739132157063,3.2259163716873025,2.623710196404664,7.6,2735.9511429422137,2648.4265252568184,2648.4265252568184,14.711318458486804,88.2839926426059,2736.7105178994243,5377.108399763843,5288.8244071212375,88.69925934069289,13.048830511928434,1.66248794655837,108.7402542660703,2539.686270990748,326.2207627982109,5050.887636965633,13.048830511928434,0.0,50.971994187220446,57.76826007884985,203.88797674888178,122.33278604932912,4258.250045824325,1030.5743612969127,2597.454531069598,1113.1947990298277,5.66355490969116,5377.108399763843,0.3891270350409203
2026-09-07,Cortadera_OP,13.624556740422296,0.5559131641415963,4.66294334214096,2.704240198765155,6.6,4575.404641809025,2932.061513240525,2932.061513240525,16.299715932833372,143.40737160554673,3075.468884846072,5952.973375367126,5809.56600376158,86.38717170816035,14.080863590839135,2.2188523419942374,117.34052992365946,2814.7209833168654,352.0215897709784,5600.951785596148,14.080863590839135,0.0,55.00337340171537,62.33715652194409,220.0134936068615,132.0080961641169,4713.836972359827,1095.7290314017528,2877.0581398388094,1233.0249170737754,6.11148593352393,5952.973375367126,0.37370601757626465
2026-09-08,Cortadera_OP,15.077525107601023,0.4851848442383079,4.740746459701014,2.697321481429651,6.6,4019.789800154287,2932.061513240525,2932.061513240525,14.225918085987415,145.91926476350372,3077.9807780040287,5952.973375367126,5807.054110603623,84.07159763987286,11.959956613829242,2.265961472158173,99.66630511524369,2832.3952081252814,298.99891534573106,5653.974460021395,11.959956613829242,0.0,46.71858052277047,52.947724592473214,186.8743220910819,112.12459325464917,4711.206879382385,1095.847231221238,2885.3429327177546,1236.5755425933232,5.190953391418941,5952.973375367126,0.37374633044792555
2026-09-09,Productora,19.084903809819114,0.46887809832573124,3.619448698940533,2.6917444024002544,7.6,3011.2459508178736,2648.4265252568184,2648.4265252568184,12.417891927178413,99.45828086350667,2747.8848061203253,5377.108399763843,5277.650118900337,87.91366210801102,10.917023549797609,1.5008683773808045,90.97519624831341,2557.451329008505,272.9255887449402,5104.1828110189035,10.917023549797609,0.0,42.64462324139691,48.3305730069165,170.57849296558763,102.3470957793526,4255.606436000254,1022.0436829000828,2605.7819020154216,1116.7636722923235,4.738291471266323,5377.108399763843,0.38590599858192215
2026-09-10,Productora,19.23019869660972,0.5785060340057079,3.6065969232623587,2.679360166387535,7.6,2984.100637925307,2648.4265252568184,2648.4265252568184,15.321307254818397,99.09191555228712,2747.5184408091054,5377.108399763843,5278.016484211556,88.90820674049978,13.62189952946113,1.6994077253572666,113.51582941217609,2534.9106958446423,340.54748823652824,5036.5609115273155,13.62189952946113,0.0,53.21054503695754,60.30528437521855,212.84218014783016,127.70530808869808,4258.960696887733,1019.0557873238231,2595.2159802198607,1112.235420094226,5.912282781884171,5377.108399763843,0.3847778209459691
2026-09-11,Cortadera_OP,14.461229241051912,0.560718057643706,3.714966232988759,2.6506792661338565,6.6,4238.086537966794,2932.061513240525,2932.061513240525,16.440598365960923,113.1277529703315,3045.1892662108567,5952.973375367126,5839.845622396795,86.53361320265999,14.226643798203465,2.213954567757458,118.55536498502889,2813.506148255496,355.6660949550867,5597.307280412039,14.226643798203465,0.0,55.57282733673229,62.9825376482966,222.29130934692915,133.37478560815754,4714.017751386815,1125.8278710099803,2876.488685903793,1232.7808653873396,6.174758592970254,5952.973375367125,0.3839714364538387
2026-09-12,Cortadera_OP,14.339148581456637,0.5504968181203951,4.015279737565787,2.6464779963797853,6.6,4284.172479128778,2932.061513240525,2932.061513240525,16.140905335721797,122.65543048124928,3054.7169437217744,5952.973375367126,5830.317944885877,86.22056930646212,13.916780471676455,2.2241248640453417,115.9731705973038,2816.088342643221,347.9195117919114,5605.053863575215,13.916780471676455,0.0,54.36242371748615,61.610746879817654,217.4496948699446,130.4698169219668,4713.633496269594,1116.6844486162836,2877.6990895230388,1233.299609795588,6.040269301942906,5952.973375367125,0.38085300856533527
2026-09-13,Productora,19.46329323193483,0.5430802445800292,4.511408268457105,2.691725383447164,7.6,2941.559604387111,2648.4265252568184,2648.4265252568184,14.3830812508871,125.12629108653913,2773.5528163433573,5377.108399763843,5251.9821086773045,88.58682397883003,12.74151487045546,1.641566380431641,106.17929058712883,2542.2472346696895,318.5378717613865,5058.570528002457,12.74151487045546,0.0,49.77154246271664,56.407748124412194,199.08616985086655,119.45170191051994,4257.868950038767,994.1131586385372,2598.6549827941017,1113.7092783403293,5.530171384746293,5377.108399763843,0.3753599162212506
2026-09-14,Cortadera_OP,13.786150456958772,0.5308254267732541,4.058723759749684,2.5964319769226676,6.6,4506.134990378963,2932.061513240525,2932.061513240525,15.564128040913348,124.03866401606545,3056.1001772565905,5952.973375367126,5828.934711351061,85.60139157293109,13.323110189214605,2.241017851698743,111.02591824345504,2821.03559499707,333.0777547303651,5619.895620636761,13.323110189214605,0.0,52.04339917661955,58.982519066835486,208.1735967064782,124.90415802388688,4712.897298002654,1116.0374133484074,2880.018114063905,1234.2934774559592,5.7825999085132835,5952.973375367126,0.38063233268082386
2026-09-15,Cortadera_OP,14.348088960223883,0.5794233608287521,4.457246847278684,2.734604139326847,6.6,4280.763464041033,2932.061513240525,2932.061513240525,16.989049361584616,136.78611411823502,3068.8476273587603,5952.973375367126,5816.187261248891,87.09199656718262,14.796102286788233,2.1929470747963826,123.30085238990195,2808.760660850623,369.90255716970586,5583.0708181974205,14.796102286788233,0.0,57.797274557766535,65.50357783213542,231.18909823106614,138.71345893863972,4714.723925107779,1101.4633361411124,2874.2642386827583,1231.8275308640393,6.421919395307392,5952.973375367126,0.37566174214529735
2026-09-16,Cortadera_OP,13.18331682199896,0.4968983285141934,4.396801074859082,2.725346074443982,6.6,4775.871104788316,2932.061513240525,2932.061513240525,14.569364650300134,134.84581434417606,3066.9073275847013,5952.973375367126,5818.12756102295,84.47752273097603,12.307838334216083,2.2615263160840513,102.56531945180069,2829.496193788724,307.69595835540207,5645.2774170117245,12.307838334216083,0.0,48.077493493031575,54.487825958769115,192.3099739721263,115.38598438327577,4711.638280325325,1106.4892806976259,2883.984019747493,1235.9931513203542,5.341943721447953,5952.973375367127,0.37737587554045887
2026-09-17,Cortadera_OP,14.248585511660913,0.5212212379218019,4.634484877721617,2.6415274672187703,6.6,4319.013224911368,2932.061513240525,2932.061513240525,15.282527315940982,142.48960671202138,3074.5511199525463,5952.973375367126,5810.4837686551045,85.29070303956337,13.034574989979376,2.247952325961606,108.62145824982814,2823.440054990697,325.8643747494844,5627.109000617642,13.034574989979376,0.0,50.916308554606935,57.7051496952212,203.66523421842774,122.19914053105666,4712.539491455983,1097.9442771991216,2881.145204685918,1234.7765162939647,5.657367617178548,5952.973375367126,0.37446154258396497
2026-09-18,Cortadera_OP,15.6182186892559,0.5550066327996834,4.684863462106987,2.6368332351284147,6.6,3845.9906652095246,2932.061513240525,2932.061513240525,16.273135876251683,144.11465325415256,3076.1761664946775,5952.973375367126,5808.858722112974,86.35940095318713,14.053382659029134,2.2197532172225483,117.11152215857612,2814.949991081949,351.33456647572837,5601.638808891398,14.053382659029134,0.0,54.896026011832554,62.21549614674357,219.58410404733021,131.75046242839815,4713.8028938233565,1095.0558282896172,2877.1654872286927,1233.070923098011,6.099558445759173,5952.973375367127,0.3734764169662176
2026-09-19,Cortadera_OP,13.338718209841216,0.4504702360195562,4.922221713635388,2.677532432719347,6.6,4703.294855083509,2932.061513240525,2932.061513240525,13.208064418933164,151.79421633852922,3083.8557295790542,5952.973375367126,5801.179159028597,82.808364948582,10.93738218667398,2.2706822322591833,91.14485155561651,2840.9166616849084,273.4345546668495,5679.538820700277,10.93738218667398,0.0,42.724149166695234,48.42070238892128,170.89659666678094,102.53795800006858,4709.938805936012,1091.2403530925849,2889.3373640738296,1238.2874417459268,4.747127685188359,5952.973375367127,0.37217512257665497
2026-09-20,Productora,18.483657254890208,0.5075563464580259,4.251031465019141,2.695357612261671,7.6,3129.0319454151995,2648.4265252568184,2648.4265252568184,13.442256910218756,117.58397676675605,2766.0105020235746,5377.108399763843,5259.524422997088,88.26455117506721,11.864747729604042,1.5775091806147135,98.87289774670036,2549.553627510118,296.6186932401011,5080.489706523742,11.864747729604042,0.0,46.34667081876579,52.52622692793457,185.38668327506315,111.23200996503795,4256.781689199418,1002.7427337976696,2602.0798544380527,1115.177080473451,5.149630090973976,5377.1083997638425,0.37861829438535527
2026-09-21,Productora,18.88204963216043,0.5579629285272072,4.473543440108206,2.681551869722788,7.6,3049.9817257718005,2648.4265252568184,2648.4265252568184,14.777238200214297,124.02690872599274,2772.453433982811,5377.108399763843,5253.08149103785,88.72183968759882,13.11063758624874,1.6666006139655565,109.25531321873952,2539.171212038079,327.76593965621856,5049.342460107625,13.11063758624874,0.0,51.21342807128414,58.041885147455375,204.85371228513657,122.912227371082,4258.326691501805,994.7547995360455,2597.2130971855345,1113.091327365229,5.690380896809349,5377.108399763843,0.37560218871451756
2026-09-22,Cortadera_OP,14.15038520443838,0.5649898812912022,3.5721818839127524,2.699751879109413,6.6,4357.438186490651,2932.061513240525,2932.061513240525,16.56585086304267,108.61862504766391,3040.680138288189,5952.973375367126,5844.354750319462,86.6627580680265,14.35642325534875,2.20942760769392,119.63686046123958,2812.4246527792857,358.91058138371875,5594.062793983408,14.35642325534875,0.0,56.07977834120605,63.55708212003353,224.3191133648242,134.59146801889455,4714.178688213633,1130.1760621058293,2875.9817348993192,1232.5636006711368,6.231086482356227,5952.973375367126,0.3854544173108956
2026-09-23,Cortadera_OP,15.62826918515203,0.4762268243407291,3.70926123140426,2.71007167727829,6.6,3842.902220170245,2932.061513240525,2932.061513240525,13.963263432222078,112.94733261203947,3045.0088458525647,5952.973375367126,5840.026042755087,83.75449294277797,11.694860485921938,2.2684029463001405,97.45717071601615,2834.604342524509,292.37151214804845,5660.601863219078,11.694860485921938,0.0,45.68304877313257,51.77412194288358,182.73219509253028,109.63931705551818,4710.8781391444045,1129.147903610682,2886.3784644673924,1237.0193419145967,5.07589430812584,5952.973375367127,0.385103756695317
2026-09-24,Cortadera_OP,13.873912238006419,0.5249910698003778,3.748965997558691,2.724393394501263,6.6,4469.386259771444,2932.061513240525,2932.061513240525,15.393061105566579,114.20343718707898,3046.264950427604,5952.973375367126,5838.769938180048,85.41333156611013,13.14772632027152,2.245334785295059,109.56438600226267,2822.4971272382622,328.693158006788,5624.280217360339,13.14772632027152,0.0,51.358305938560626,58.20608006370204,205.4332237542425,123.25993425254549,4712.67980808581,1126.0901300942378,2880.703207301964,1234.587088843699,5.7064784376178475,5952.973375367126,0.3840608817410788
2026-09-25,Productora,18.30393742281282,0.5763296401722201,4.029901522345128,2.685384027385696,7.6,3166.0495692422705,2648.4265252568184,2648.4265252568184,15.263667063238254,111.21066097933291,2759.637186236151,5377.108399763843,5265.897738784511,88.88846249564237,13.567638972966252,1.6960280902720015,113.06365810805211,2535.3628671487663,339.19097432415634,5037.917425439687,13.567638972966252,0.0,52.99858973814942,60.06506836990269,211.99435895259768,127.19661537155866,4258.893409491285,1007.004329293226,2595.427935518669,1112.3262580794296,5.888732193127713,5377.1083997638425,0.38022739905747494
2026-09-26,Productora,17.869112172468114,0.4980534949351022,3.65951272931816,2.6972404880997987,7.6,3259.3421805512485,2648.4265252568184,2648.4265252568184,13.190580869829873,100.6010126833833,2749.027537940202,5377.108399763843,5276.50738708046,88.17834130605124,11.631235419649286,1.5593454501805866,96.92696183041072,2551.499563426408,290.78088549123214,5086.327514272612,11.631235419649286,0.0,45.43451335800502,51.4924484724057,181.73805343202008,109.04283205921206,4256.492115402351,1020.0152716781085,2602.9920118988134,1115.5680050994913,5.048279262000557,5377.108399763843,0.3851401056252438
2026-09-27,Cortadera_OP,13.81455879653286,0.5410477412472836,4.208223973433928,2.7642509533397104,6.6,4494.173516092613,2932.061513240525,2932.061513240525,15.863852589368783,128.8082553995012,3060.8697686400265,5952.973375367126,5824.165119967625,85.92596015444914,13.631167654901569,2.2326849344672137,113.59306379084641,2818.4684494496787,340.77919137253923,5612.194183994587,13.631167654901569,0.0,53.24674865195925,60.346315138887164,212.986994607837,127.79219676470223,4713.27931370911,1110.885806258515,2878.814764588566,1233.7777562522426,5.91630540577325,5952.973375367126,0.37887534120345245
2026-09-28,Productora,18.166153414984784,0.47627502940466776,4.3218106324780665,2.686132508411663,7.6,3195.0280777443463,2648.4265252568184,2648.4265252568184,12.613794211927932,119.63016850397479,2768.056693760793,5377.108399763843,5257.478231259869,87.98076706675914,11.097712903876662,1.5160813080512696,92.48094086563886,2555.9455843911796,277.4428225969166,5099.665577166927,11.097712903876662,0.0,43.35044103076821,49.13049983487065,173.40176412307284,104.04105847384375,4255.8305051397365,1001.6477261201326,2605.07608422605,1116.4611789540215,4.816715670085356,5377.108399763843,0.3782048384457268
2026-09-29,Cortadera_OP,14.977432711206694,0.6055439647637638,3.9470242413151793,2.707749450621038,6.6,4053.7008278237818,2932.061513240525,2932.061513240525,17.754921536589084,120.48474061711963,3052.546253857645,5952.973375367126,5832.488634750007,87.84229608702358,15.5963307461893,2.158590790399783,129.96942288491084,2802.0920903556143,389.9082686547325,5563.065106712394,15.5963307461893,0.0,60.92316697730195,69.0462559076089,243.6926679092078,146.2156007455247,4715.716271907632,1116.7723628423746,2871.1383462632234,1230.4878626842385,6.769240775255772,5952.973375367126,0.38088299232443923
2026-09-30,Productora,18.317738521117803,0.6370801476659029,3.0778742532934844,2.695660049569937,7.6,3163.175881823366,2648.4265252568184,2648.4265252568184,16.872599617929083,84.10384884799622,2732.5303741048147,5377.108399763843,5293.004550915847,89.43959109962506,15.090784106152672,1.7818155117764114,125.75653421793893,2522.6699910388793,377.26960265381683,4999.8387971100265,15.090784106152672,0.0,58.94837541465887,66.80815880328007,235.79350165863548,141.47610099518135,4260.782230340972,1032.222320574875,2589.4781498421594,1109.776349932354,6.549819490517652,5377.108399763843,0.38974927593083986
2026-10-01,Productora,19.650813532991744,0.41534508609994825,3.5983370020658825,2.742183647655655,7.6,2908.206519054363,2648.4265252568184,2648.4265252568184,11.0001094316218,98.85650171085334,2747.283026967672,5377.108399763843,5278.25189805299,87.42801062109872,9.617176842210789,1.382932589411011,80.14314035175657,2568.2833849050617,240.4294210552697,5136.678978708574,9.617176842210789,0.0,37.567097039885894,42.57604331187068,150.26838815954358,90.16103289572612,4253.9945229204095,1024.2573751325808,2610.8594282169324,1118.9397549501139,4.174121893320654,5377.108399763843,0.38674185044014325
2026-10-02,Cortadera_OP,13.942838049817443,0.4935145960898487,3.7897255817465476,2.766108097401259,6.6,4440.942320774193,2932.061513240525,2932.061513240525,14.470151534174882,115.49399054488039,3047.5555037854056,5952.973375367126,5837.479384822246,84.36125240871675,12.207201059669071,2.2629504745058107,101.72667549724227,2830.3348377432826,305.18002649172684,5647.7933488754,12.207201059669071,0.0,47.68437913933231,54.04229635790996,190.73751655732923,114.4425099343976,4711.513482117801,1125.9659027044454,2884.3771341011925,1236.161628900511,5.2982643488147,5952.973375367127,0.3840185131245844
2026-10-03,Productora,17.26701717216383,0.5453754633189503,4.694427247383184,2.766725612996285,7.6,3397.9862914239766,2648.4265252568184,2648.4265252568184,14.443868432781349,130.4524518742437,2778.878977131062,5377.108399763843,5246.6559478896,88.6076462032295,12.798371838978849,1.6454965938025001,106.65309865815708,2541.7734265986614,319.9592959744712,5057.149103789372,12.798371838978849,0.0,49.993639996011126,56.65945866214595,199.9745599840445,119.98473599042671,4257.939457192194,988.7164906974058,2598.4328852608073,1113.614093683203,5.55484888844568,5377.108399763843,0.37332222784678903
2026-10-04,Cortadera_OP,14.074857924096976,0.4949916059510516,4.401289284756413,2.6639578857318105,6.6,4387.459732392194,2932.061513240525,2932.061513240525,14.513458371861983,134.98980084481903,3067.051314085344,5952.973375367126,5817.983574522307,84.41210250647045,12.251115358090054,2.262343013771929,102.09262798408379,2829.9688852564414,306.2778839522514,5646.695491414875,12.251115358090054,0.0,47.85591936753927,54.23670861654452,191.4236774701571,114.8542064820943,4711.567939333103,1106.4156351892043,2884.205593872986,1236.088111659851,5.31732437417103,5952.973375367125,0.3773507582268933
2026-10-05,Productora,18.054443814011442,0.47828317784937247,4.290848650804829,2.6467320474384395,7.6,3218.9149622486425,2648.4265252568184,2648.4265252568184,12.666978548004025,118.73470010398856,2767.161225360807,5377.108399763843,5258.3736996598545,87.9989849894495,11.146812551074849,1.520165996929176,92.89010459229041,2555.536420664528,278.67031377687124,5098.4380859869725,11.146812551074849,0.0,43.54223652763613,49.347868064654286,174.1689461105445,104.50136766632673,4255.891392599059,1002.4823070607954,2604.8842887291826,1116.3789808839354,4.838026280848458,5377.108399763843,0.3785199617586463
2026-10-06,Cortadera_OP,14.81281028362825,0.4168546724625618,3.950852762353998,2.6364749762100845,6.6,4110.7363131355005,2932.061513240525,2932.061513240525,12.222435417419623,120.60641517531165,3052.6679284158367,5952.973375367126,5832.3669601918145,81.48870008942431,9.959903740924654,2.2625316764949694,82.99919784103878,2849.062315399486,248.99759352311634,5703.97578184401,9.959903740924654,0.0,38.90587398798693,44.09332385305185,155.62349595194772,93.37409757116862,4708.7266550856275,1123.640305106187,2893.155639252538,1239.923845393945,4.322874887554103,5952.973375367127,0.38322535186662426
2026-10-07,Productora,17.69123228023571,0.49970263277541305,4.035454874898524,2.6599434494633387,7.6,3299.1106172061113,2648.4265252568184,2648.4265252568184,13.23425707383071,111.37035785691049,2759.796883113729,5377.108399763843,5265.738041906933,88.19330228453855,11.671728346236444,1.562528727594266,97.2644028853037,2551.1621223715147,291.7932086559111,5085.315191107932,11.671728346236444,0.0,45.592688852486106,51.67171403281759,182.37075540994442,109.42245324596666,4256.542329845044,1009.195712061889,2602.833836404332,1115.5002156018566,5.0658543169429,5377.108399763843,0.3810548272484271
2026-10-08,Cortadera_OP,13.597442367060612,0.4554634843082295,4.7241129988291215,2.7000101389606583,6.6,4587.23683002439,2932.061513240525,2932.061513240525,13.354469530265895,145.38190453053377,3077.4434177710586,5952.973375367126,5807.591470836593,82.9959415259282,11.083667722437381,2.270801807828514,92.36389768697818,2839.6976155535467,277.0916930609345,5675.881682306192,11.083667722437381,0.0,43.29557704077102,49.068320646207155,173.1823081630841,103.90938489785043,4710.1202116103195,1097.471259226273,2888.765936199754,1238.0425440856088,4.81061967119678,5952.973375367125,0.37430021650989986
2026-10-09,Cortadera_OP,13.72115460914005,0.4879764873371586,4.557013575881627,2.6611042261634403,6.6,4533.742772168453,2932.061513240525,2932.061513240525,14.307770778875852,139.99398616660085,3072.055499407126,5952.973375367126,5812.9793892005255,84.16922323951383,12.042739527469942,2.26503125140591,100.35616272891619,2831.7053505116087,301.0684881867486,5651.904887180378,12.042739527469942,0.0,47.041951279179465,53.314211449736725,188.16780511671786,112.90068307003074,4711.309536765372,1101.6698524351532,2885.0195619613455,1236.436955126291,5.226883475464384,5952.973375367127,0.3757321759657026
2026-10-10,Cortadera_OP,14.50672083316461,0.4723162806287981,3.100612877075465,2.603499167418408,6.6,4221.165842912852,2932.061513240525,2932.061513240525,13.848603885086103,93.82089974210112,3025.882412982626,5952.973375367126,5859.1524756250255,83.61418895774949,11.57939782048613,2.269206064599972,96.49498183738443,2835.5665314031407,289.4849455121533,5663.488429854973,11.57939782048613,0.0,45.23202273627395,51.26295910111048,180.9280909450958,108.55685456705748,4710.73495627556,1148.4175193494657,2886.829490504251,1237.2126387875362,5.025780304030438,5952.973375367126,0.3916757933499937
2026-10-11,Productora,17.81077617623846,0.5185655991848573,5.022772944507424,2.6886921636421275,7.6,3272.278228760376,2648.4265252568184,2648.4265252568184,13.73382887966872,140.05931220547745,2788.485837462296,5377.108399763843,5237.0490875583655,88.36442711580503,12.135819210584248,1.5980096690844707,101.13182675486874,2547.29469850195,303.39548026460625,5073.712919499238,12.135819210584248,0.0,47.40554379134472,53.72628296352402,189.62217516537888,113.77330509922737,4257.117839349445,979.9312482089208,2601.020981465474,1114.7232777709173,5.267282643482746,5377.108399763844,0.3700050723944085
2026-10-12,Productora,19.50146542748958,0.5333358890857788,3.815663626038319,2.673920419387507,7.6,2934.7082795842475,2648.4265252568184,2648.4265252568184,14.125009155262049,105.06393389634266,2753.4904591531613,5377.108399763843,5272.044465867501,88.49842318578618,12.50041037725485,1.6245987780071989,104.17008647712376,2544.2564387796947,312.5102594313713,5064.598140332472,12.50041037725485,0.0,48.82972803615176,55.340358440972004,195.31891214460703,117.19134728676428,4257.569961331921,1014.4745045355794,2599.5967972206668,1114.1129130945715,5.425525337350195,5377.108399763843,0.38304800788732685
2026-10-13,Productora,18.289276403447335,0.4756487152909589,4.641372537221471,2.7453119930852194,7.6,3169.10803588856,2648.4265252568184,2648.4265252568184,12.597206742809039,128.90636608600485,2777.332891342823,5377.108399763843,5248.202033677839,87.97508514511958,11.082403357892996,1.5148033849160427,92.35336131577498,2556.0731639410433,277.0600839473249,5100.048315816519,11.082403357892996,0.0,43.290638116769514,49.06272319900546,173.16255246707806,103.89753148024687,4255.811520087673,992.3905135901659,2605.135887140049,1116.4868087743066,4.810070901863279,5377.108399763843,0.37470947527756454
2026-10-14,Productora,19.85645437460203,0.5497732977302209,3.801997078706261,2.713495521537498,7.6,2872.4892817189093,2648.4265252568184,2648.4265252568184,14.560341845866311,104.67275417799473,2753.099279434813,5377.108399763843,5272.435645585849,88.64754335700856,12.907385350742999,1.6529564951233127,107.561544589525,2540.8649806672934,322.684633768575,5054.423765995269,12.907385350742999,0.0,50.419474026339834,57.142070563185165,201.67789610535934,121.00673766321566,4258.074642598649,1014.3610029871998,2598.0070512304787,1113.4315933844907,5.6021637807044256,5377.108399763844,0.3830051516678708
2026-10-15,Cortadera_OP,15.001690962795937,0.5082526669184647,3.7879408902545997,2.720596456741981,6.6,4045.4297771244574,2932.061513240525,2932.061513240525,14.902280836734862,115.43745972713081,3047.498972967656,5952.973375367126,5837.535915639995,84.86196972781786,12.646369052424342,2.25591178431052,105.38640877020285,2826.6751044703224,316.1592263106086,5636.814149056518,12.646369052424342,0.0,49.39987911103258,55.986529659170266,197.59951644413033,118.55970986647824,4712.05808528342,1125.4778303565754,2882.6616341294925,1235.4264146269254,5.488875456781398,5952.973375367126,0.3838520526510691
2026-10-16,Cortadera_OP,14.382870005739507,0.5121671474412312,4.253761531041266,2.7031562992549603,6.6,4267.552710679197,2932.061513240525,2932.061513240525,15.017055813586195,130.2640257320683,3062.325538972593,5952.973375367126,5822.709349635058,84.99252212670281,12.763374485141558,2.253681328444637,106.36145404284632,2825.700059197679,319.08436212853894,5633.889013238588,12.763374485141558,0.0,49.85693158258421,56.50452246026211,199.42772633033684,119.6566357982021,4712.203181306134,1110.506168328924,2882.204581657941,1235.2305349962605,5.539659064731579,5952.973375367126,0.3787458630435037
2026-10-17,Cortadera_OP,14.380843162024567,0.5706050706176687,4.276273497907089,2.6957107099942736,6.6,4268.3203213215065,2932.061513240525,2932.061513240525,16.730491668179585,130.98421260302348,3063.0457258435486,5952.973375367126,5821.989162764103,86.83103785854885,14.527259554318377,2.2032321138612083,121.06049628598647,2811.0010169545385,363.18148885795944,5589.791886509167,14.527259554318377,0.0,56.74710763405616,64.31338865193032,226.98843053622463,136.1930583217348,4714.390538782792,1107.598623981311,2875.314405606469,1232.2776024027723,6.3052341815617945,5952.973375367126,0.37775422479359544
2026-10-18,Productora,19.081148168694575,0.4260824867851312,4.058421135519964,2.7179901759770844,7.6,3011.9541631744573,2648.4265252568184,2648.4265252568184,11.284481599491293,112.03099128852577,2760.4575165453443,5377.108399763843,5265.0774084753175,87.5254203201147,9.876789950900758,1.4076916485905357,82.30658292417299,2566.119942332645,246.91974877251897,5130.188650991325,9.876789950900758,0.0,38.58121074570609,43.7253721784669,154.32484298282435,92.59490578969462,4254.316463779401,1010.7609446959168,2609.845314511112,1118.5051347904766,4.286801193967343,5377.108399763844,0.3816458319899598
2026-10-19,Cortadera_OP,15.192913479141014,0.5508827713502048,3.9807019714318153,2.6926440193481387,6.6,3981.393855540335,2932.061513240525,2932.061513240525,16.152221721832156,121.55538819543642,3053.6169014359616,5952.973375367126,5831.41798717169,86.2324950412225,13.928463795326177,2.2237579265059786,116.07053162771815,2815.990981612807,348.2115948831545,5604.761780483972,13.928463795326177,0.0,54.40806170049288,61.662469927225274,217.63224680197152,130.57934808118296,4713.647984518168,1117.7700026535213,2877.653451540032,1233.2800506600138,6.045340188943653,5952.973375367126,0.38122324433028615
2026-10-20,Productora,18.750092259991177,0.5151211083478211,4.399981645175172,2.6916793364420606,7.6,3075.7189896982577,2648.4265252568184,2648.4265252568184,13.642604070680608,121.89357596642078,2770.3201012232394,5377.108399763843,5255.2148237974225,88.33317869493143,12.050945832396293,1.5916582382843156,100.42454860330244,2548.001976653516,301.2736458099073,5075.834753953936,12.050945832396293,0.0,47.074007157798015,53.350541445504426,188.29602863119206,112.97761717871524,4257.012589624507,998.2022341729153,2601.3525180990205,1114.86536489958,5.230445239755334,5377.108399763843,0.3769038803431103
2026-10-21,Cortadera_OP,14.0255230457594,0.560383194248838,2.7624532846667256,2.7366564533349598,6.6,4407.294361756361,2932.061513240525,2932.061513240525,16.43077996523807,83.29789501794319,3015.359408258468,5952.973375367126,5869.675480349183,86.52344813382805,14.216477381206172,2.2143025840318984,118.47064484338478,2813.59086839714,355.4119345301543,5597.561440836972,14.216477381206172,0.0,55.53311477033661,62.937530073048165,222.13245908134644,133.2794754488079,4714.0051442228805,1155.6703361263026,2876.528398470188,1232.7978850586521,6.170346085592956,5952.973375367126,0.3941494170253787
2026-10-22,Productora,17.650923729142534,0.5883309561611567,3.819570714174963,2.804897548846013,7.6,3308.2576073544624,2648.4265252568184,2648.4265252568184,15.581513099269138,105.17578752381347,2753.602312780632,5377.108399763843,5271.93261224003,88.99733843429401,13.867131946140407,1.7143811531287305,115.5594328845034,2532.867092372315,346.6782986535102,5030.430101110333,13.867131946140407,0.0,54.168484164610966,61.39094871989243,216.67393665844386,130.00436199506632,4259.264804547307,1012.6678076927228,2594.2580410922073,1111.824874753803,6.018720462734551,5377.108399763844,0.38236583044135014
2026-10-23,Cortadera_OP,14.049492273878865,0.5276712762158613,3.6831499567338426,2.660109734602635,6.6,4397.63540651334,2932.061513240525,2932.061513240525,15.471646406350375,112.12183777585878,3044.1833510163838,5952.973375367126,5840.8515375912675,85.49998136619132,13.22825479447258,2.2433916118777955,110.23545662060484,2821.82605661992,330.7063698618145,5622.267005505311,13.22825479447258,0.0,51.67287029090851,58.56258632969632,206.69148116363405,124.01488869818044,4712.779669784967,1128.0718678063004,2880.3886429496165,1234.4522755498356,5.7414300323231675,5952.973375367126,0.3847367671899732
2026-10-24,Cortadera_OP,14.696757276598664,0.48200633444191743,3.735396650611214,2.695389688101025,6.6,4151.918524798939,2932.061513240525,2932.061513240525,14.13272222355287,113.77403920933773,3045.835552449863,5952.973375367126,5839.199336157789,83.95975684025403,11.865799213803532,2.2669230097493376,98.88166011502943,2833.179853125496,296.6449803450883,5656.3283950220375,11.865799213803532,0.0,46.350778178920045,52.53088193610939,185.40311271568018,111.24186762940812,4711.090116733542,1128.1092194242465,2885.710735061605,1236.7331721692592,5.150086464324449,5952.973375367126,0.3847495062194163
2026-10-25,Cortadera_OP,14.648474222593505,0.5827266152440548,3.6802368388774482,2.709711412449058,6.6,4169.296178123193,2932.061513240525,2932.061513240525,17.085902812980123,112.02976876959316,3044.0912820101184,5952.973375367126,5840.943606597533,87.1887281933206,14.896981362984157,2.1889214499959664,124.14151135820131,2807.920001882324,372.4245340746039,5580.548841292522,14.896981362984157,0.0,58.19133344915686,65.95017790904446,232.76533379662743,139.65920027797648,4714.849023168539,1126.0945834289942,2873.8701797913686,1231.658648482015,6.465703716572984,5952.973375367126,0.38406240058191354
2026-10-26,Productora,18.43604331752695,0.4362176850394815,4.40698647313655,2.7090556912241937,7.6,3138.754632004267,2648.4265252568184,2648.4265252568184,11.552904878446872,122.0965784138911,2770.5231036707096,5377.108399763843,5255.011821349953,87.61736683867817,10.122351047872343,1.4305538305745298,84.3529253989362,2564.073599857882,253.0587761968086,5124.049623567034,10.122351047872343,0.0,39.540433780751336,44.81249161818486,158.16173512300534,94.89704107380325,4254.620979028619,1000.3908423213334,2608.886091476067,1118.0940392040286,4.393381531194593,5377.1083997638425,0.3777302608854989
2026-10-27,Cortadera_OP,14.470120592009936,0.46055196886896343,4.373724959793218,2.721375400772672,6.6,4234.768723497865,2932.061513240525,2932.061513240525,13.503667027678363,134.10572166193026,3066.167234902455,5952.973375367126,5818.867653705196,83.18499192596003,11.233024326682774,2.270642700995589,93.60853605568978,2838.452977184835,280.82560816706933,5672.1477672000565,11.233024326682774,0.0,43.87900127610458,49.7295347795852,175.51600510441833,105.30960306265101,4710.305425653283,1108.5622280519128,2888.1825119644204,1237.7925051276086,4.875444586233842,5952.973375367126,0.3780828686730811
2026-10-28,Cortadera_OP,14.228626829485929,0.47903522456973663,4.309220512118643,2.6853049227238883,6.6,4326.767921747564,2932.061513240525,2932.061513240525,14.045607454474569,132.03884097578944,3064.1003542163144,5952.973375367126,5820.9345343913365,83.85454481028628,11.777880196789287,2.267727257685282,98.14900163991072,2833.9125116006144,294.4470049197322,5658.526370447394,11.777880196789287,0.0,46.00734451870815,52.14165712120257,184.0293780748326,110.41762684489959,4710.981090174744,1109.9534442165923,2886.054168721817,1236.8803580236358,5.11192716874535,5952.973375367126,0.378557352635439
2026-10-29,Cortadera_OP,14.392404153867504,0.6520734562691478,3.9564277799178704,2.6587128514924196,6.6,4263.945618235026,2932.061513240525,2932.061513240525,19.11919484932497,120.78361263813186,3052.8451258786567,5952.973375367126,5832.1897627289945,89.10199140402955,17.035583351165194,2.083611498159776,141.96319459304328,2790.098318647482,425.88958377912985,5527.0837915879965,17.035583351165194,0.0,66.54524746548904,75.41794712755424,266.18098986195616,159.7085939171737,4717.501059364199,1114.6887033647954,2865.516265775036,1228.0783996178725,7.393916385054338,5952.973375367126,0.38017234574756154
2026-10-30,Productora,18.50453195863408,0.5123886900642767,4.491012535036107,2.714907220177105,7.6,3124.788332635879,2648.4265252568184,2648.4265252568184,13.57023798007825,124.5340050056931,2772.9605302625114,5377.108399763843,5252.57439475815,88.30839019626312,11.983658706008995,1.5865792740692548,99.86382255007497,2548.5627027067435,299.5914676502249,5077.516932113618,11.983658706008995,0.0,46.81116682034764,53.052655729727334,187.24466728139055,112.34680036883435,4256.929148247538,995.6452465106122,2601.6153584364706,1114.9780107584872,5.201240757816404,5377.1083997638425,0.37593840607455187
2026-10-31,Cortadera_OP,14.08032504338627,0.4715690532001256,3.804410354180249,2.7461764894522345,6.6,4385.272710519351,2932.061513240525,2932.061513240525,13.82669471723362,115.95921622951869,3048.020729470044,5952.973375367126,5837.014159137608,83.58724749753867,11.557353534023171,2.2693411832104484,96.3112794501931,2835.750233790332,288.9338383505793,5664.039537016547,11.557353534023171,0.0,45.145912242278015,51.16536720791508,180.58364896911206,108.35018938146726,4710.707619610799,1126.3065395268086,2886.915600998247,1237.249543284963,5.0162124713642235,5952.973375367126,0.38413468968528236
2026-11-01,Cortadera_OP,14.274470593270552,0.5590840650339279,3.40186142985669,2.762491920203708,6.6,4308.99720656208,2932.061513240525,2932.061513240525,16.39268869752043,103.25734138880298,3035.318854629328,5952.973375367126,5849.716033978323,86.48395436130146,14.17704541175379,2.2156432857666406,118.14204509794826,2813.919468142577,354.42613529384477,5598.5472400732815,14.17704541175379,0.0,55.37908363966324,62.76296145828501,221.51633455865297,132.9098007351918,4713.95624545124,1135.7597885270834,2876.682429600862,1232.8638984003694,6.153231515518137,5952.973375367127,0.38735878609580654
2026-11-02,Productora,18.042616746281343,0.5989893984626871,3.813466023820281,2.6950296281447295,7.6,3221.4648720249106,2648.4265252568184,2648.4265252568184,15.863794112362063,105.00102408464409,2753.4275493414625,5377.108399763843,5272.107375679199,89.0940318228535,14.133693774779815,1.7301003375822486,117.78078145649846,2530.64574380032,353.3423443694954,5023.766055394348,14.133693774779815,0.0,55.20974130773365,62.57104014876481,220.8389652309346,132.50337913856077,4259.595362370519,1012.5120133086803,2593.216783949085,1111.3786216924648,6.134415700859294,5377.1083997638425,0.3823070051794232
2026-11-03,Productora,18.766959504343987,0.5329651096246805,4.072045544874,2.6866876452430244,7.6,3072.404977694732,2648.4265252568184,2648.4265252568184,14.115189333664118,112.42305222033092,2760.8495774771495,5377.108399763843,5264.685347543513,88.4950594745151,12.491245195766473,1.6239441378976451,104.0937099647206,2544.3328152920976,312.28112989416184,5064.827269869682,12.491245195766473,0.0,48.79392654596278,55.29978341875782,195.17570618385113,117.1054237103107,4257.558595779481,1007.1267517640317,2599.6325987108553,1114.1282565903664,5.421547393995865,5377.108399763843,0.38027362366277856
2026-11-04,Productora,20.329887734133536,0.4298143369339385,3.8944689777769432,2.7853704981281706,7.6,2793.5030757086793,2648.4265252568184,2648.4265252568184,11.383316908715143,107.32176215902959,2755.748287415848,5377.108399763843,5269.786637604814,87.55927566466468,9.967149831884278,1.416167076830865,83.05958193236899,2565.3669433244495,249.17874579710696,5127.929653966737,9.967149831884278,0.0,38.93417903079796,44.12540290157103,155.73671612319183,93.44202967391513,4254.428517203238,1015.3581204015763,2609.4923462260203,1118.3538626682944,4.3260198923108835,5377.108399763843,0.38338164593904184
2026-11-05,Productora,17.97820757027392,0.4800130439916214,4.169446174839636,2.680184411338073,7.6,3235.4226727722107,2648.4265252568184,2648.4265252568184,12.712792781766783,115.2291352215546,2763.655660478373,5377.108399763843,5261.879264542289,88.01467833509199,11.189123674278827,1.5236691074879563,93.24269728565689,2555.1838279711615,279.72809185697065,5097.380307906873,11.189123674278827,0.0,43.707514352651664,49.535182933005224,174.83005741060666,104.898034446364,4255.943861749859,1005.9354027924301,2604.7190109041667,1116.308147530357,4.856390483627963,5377.108399763844,0.37982379091860374
2026-11-06,Cortadera_OP,13.660690351517852,0.5063150594122081,3.4178780037203467,2.6747154785340266,6.6,4559.731179625548,2932.061513240525,2932.061513240525,14.845468992766254,103.7606996463156,3035.8222128868406,5952.973375367126,5849.212675720811,84.79697580271079,12.588508749594935,2.256960243171319,104.90423957995779,2827.157273660567,314.71271873987337,5638.2606566272525,12.588508749594935,0.0,49.17386230310521,55.73037727685258,196.69544921242084,118.01726952745253,4711.986333915823,1137.226341804988,2882.88765093742,1235.52327897318,5.463762478122801,5952.973375367125,0.38785896430532973
2026-11-07,Productora,18.759492316367965,0.4540841125882229,4.845643325274502,2.6744237422735893,7.6,3073.871220991629,2648.4265252568184,2648.4265252568184,12.02608408476353,134.8685521406019,2783.2950773974203,5377.108399763843,5242.239847623241,87.77945106940035,10.556430594749946,1.4696534900135845,87.97025495624955,2560.456270300569,263.91076486874863,5113.197634895095,10.556430594749946,0.0,41.23605701074197,46.734197945507574,164.9442280429679,98.96653682578074,4255.159272117506,987.0805755057354,2607.1904682460768,1117.367343534033,4.581784112304663,5377.108399763843,0.3727045345953171
2026-11-08,Cortadera_OP,13.215143345139499,0.5052231656351297,3.708687368485505,2.686739673658628,6.6,4760.825526436759,2932.061513240525,2932.061513240525,14.813453995563068,112.92918541250339,3044.9906986530286,5952.973375367126,5840.044189954623,84.76024032150606,12.555919206554998,2.2575347890080693,104.63266005462499,2827.4288531859,313.897980163875,5639.075395203251,12.555919206554998,0.0,49.04655940060546,55.58610065401953,196.18623760242184,117.71174256145315,4711.9459202959815,1128.0982696586416,2883.0149538399196,1235.5778373599655,5.449617711178385,5952.973375367126,0.384745771725595
2026-11-09,Cortadera_OP,14.354112506041098,0.5719167227891916,4.9458290890644045,2.721692756850935,6.6,4278.469710575883,2932.061513240525,2932.061513240525,16.76895011668839,152.560113713462,3084.6216269539873,5952.973375367126,5800.413261653664,86.87010771837086,14.56720502960708,2.20174508708131,121.39337524672568,2810.6681379937995,364.18012574017706,5588.79324962695,14.56720502960708,0.0,56.90314464690266,64.49023059982302,227.61257858761064,136.56754715256642,4714.440074342426,1085.9731873112387,2875.1583685936225,1232.2107293972667,6.3225716274336285,5952.973375367126,0.3703787190027324
2026-11-10,Cortadera_OP,13.309861121429611,0.5011524115526858,3.679176227003365,2.747656533725513,6.6,4716.604577889935,2932.061513240525,2932.061513240525,14.694096981813063,111.99624954464237,3044.0577627851676,5952.973375367126,5840.977125822484,84.62258131860061,12.434524167468798,2.2595728143442653,103.62103472890665,2828.4404785116185,310.86310418671997,5642.110271180406,12.434524167468798,0.0,48.57236002917499,55.04867469973166,194.28944011669995,116.57366407002002,4711.795380812988,1129.181745009496,2883.48915321135,1235.7810656620072,5.396928892130554,5952.973375367125,0.38511529854007737
2026-11-11,Cortadera_OP,14.671394417700288,0.5738245377133095,3.4500844132040838,2.612186833822283,6.6,4161.028822708052,2932.061513240525,2932.061513240525,16.82488842382231,104.77336685284632,3036.8348800933713,5952.973375367126,5848.20000851428,86.92677567626232,14.625333017957447,2.199555405864862,121.87777514964539,2810.1837380908796,365.63332544893615,5587.34004991819,14.625333017957447,0.0,57.13020710139627,64.74756804824912,228.5208284055851,137.11249704335106,4714.512157661313,1133.6878508529671,2874.9313061391285,1232.1134169167692,6.34780078904403,5952.973375367126,0.38665213732163867
2026-11-12,Cortadera_OP,14.234721186803888,0.5361228120340047,3.447221691659223,2.675225389289366,6.6,4324.397083596119,2932.061513240525,2932.061513240525,15.719450635351894,104.68332684786932,3036.7448400883945,5952.973375367126,5848.290048519257,85.77036143485196,13.482629625514452,2.236821009837442,112.35524687928711,2819.706266361238,337.0657406378613,5615.907634729265,13.482629625514452,0.0,52.66652197466583,59.68872490462128,210.6660878986633,126.39965273919802,4713.095114763938,1135.1949337553187,2879.394991265859,1234.0264248282253,5.851835774962869,5952.973375367126,0.38716613844185593
2026-11-13,Productora,18.349668829849904,0.5536702559379046,4.135512936978901,2.6222495162212405,7.6,3156.547254843471,2648.4265252568184,2648.4265252568184,14.663549920716783,114.25088156615737,2762.6774068229756,5377.108399763843,5262.857518197686,88.68289656186866,13.004060808487239,1.6594891122295437,108.36717340406032,2540.059351852758,325.10152021218096,5052.006879551663,13.004060808487239,0.0,50.797112533153275,57.57006087090705,203.1884501326131,121.91307007956786,4258.194527838907,1004.6629903587791,2597.629412723665,1113.2697483101422,5.644123614794808,5377.108399763843,0.37934335001472497
2026-11-14,Cortadera_OP,13.890444484290985,0.49140382557902207,4.328849583014108,2.683108927427738,6.6,4462.530654643994,2932.061513240525,2932.061513240525,14.408262444394104,132.66750952238456,3064.7290227629096,5952.973375367126,5820.305865844742,84.28831859976563,12.144482153821283,2.2637802905728215,101.2040179485107,2830.8574952920144,303.6120538455321,5649.361321521594,12.144482153821283,0.0,47.43938341336438,53.764634535146314,189.75753365345753,113.85452019207457,4711.435705696857,1108.8701601478842,2884.6221298271607,1236.266627068783,5.271042601484931,5952.973375367125,0.37818789105906475
2026-11-15,Productora,18.06824865450208,0.5107111013906126,4.19471156978477,2.6776299255094527,7.6,3215.943746649565,2648.4265252568184,2648.4265252568184,13.525808276660229,115.95795565410518,2764.3844809109237,5377.108399763843,5261.150444109739,88.29317111181564,11.942365045967737,1.5834432306924917,99.51970871639782,2548.9068165404206,298.55912614919345,5078.54927361465,11.942365045967737,0.0,46.649863460811474,52.86984525558634,186.5994538432459,111.95967230594755,4256.877940831814,1004.2725032779244,2601.776661796007,1115.047140769717,5.183318162312386,5377.108399763843,0.3791959088540468
2026-11-16,Cortadera_OP,13.874931361037005,0.5306089192296427,4.157151385927184,2.6413243925410876,6.6,4468.963039857061,2932.061513240525,2932.061513240525,15.557779906553858,127.17718389686786,3059.238697137393,5952.973375367126,5825.796191470258,85.59444984841076,13.316596119641368,2.24118378691249,110.97163433034473,2821.0898789101802,332.9149029910342,5620.058472376092,13.316596119641368,0.0,52.017953592349095,58.95368073799563,208.07181436939638,124.8430886216378,4712.889220039393,1112.9069714308653,2880.0435596481757,1234.304382706361,5.779772621372121,5952.973375367126,0.37956467366227814
2026-11-17,Productora,20.227476987007954,0.5349567992678099,3.669858633739683,2.702874001831187,7.6,2810.2185851236845,2648.4265252568184,2648.4265252568184,14.16793777047355,100.89625958903794,2749.3227848458564,5377.108399763843,5276.212140174805,88.51312808295756,12.540484905492974,1.627452864980576,104.50404087910812,2543.92248437771,313.51212263732435,5063.596277126519,12.540484905492974,0.0,48.98626916208193,55.517771717026186,195.94507664832773,117.56704598899663,4257.619656927456,1018.5924832473493,2599.4402560947365,1114.0458240406012,5.442918795786881,5377.108399763844,0.38460288534852827
2026-11-18,Cortadera_OP,14.603111990977501,0.6076371980617291,4.2350393450532415,2.7311620617685572,6.6,4185.755648545664,2932.061513240525,2932.061513240525,17.81629642450106,129.6653367345016,3061.7268499750267,5952.973375367126,5823.308038632625,87.90101525318849,15.660705437653952,2.155590986847109,130.50587864711628,2801.5556345934087,391.51763594134883,5561.455739425777,15.660705437653952,0.0,61.17463061583575,69.33124803128052,244.698522463343,146.81911347800582,4715.79610163415,1107.511936998475,2870.8868826246894,1230.3800925534383,6.797181179537305,5952.973375367125,0.377724659594351
2026-11-19,Productora,17.87101814962382,0.5484704334474549,3.2332710926082036,2.680882338672468,7.6,3258.9212539804184,2648.4265252568184,2648.4265252568184,14.525836442613443,88.49199535518811,2736.9185206120064,5377.108399763843,5288.616404408655,88.63572377223531,12.875080264881543,1.6507561777318998,107.29233554067953,2541.1341897161387,321.8770066220386,5055.231393141805,12.875080264881543,0.0,50.293282284693525,56.999053255986006,201.1731291387741,120.7038774832645,4258.034581728284,1030.5818226803713,2598.1332429721247,1113.485675559482,5.588142476077058,5377.108399763843,0.3891298523301248
2026-11-20,Cortadera_OP,14.587981967966115,0.5433050335847689,3.8532342352933924,2.686403872152482,6.6,4191.274445125399,2932.061513240525,2932.061513240525,15.930037789237518,117.5070187015252,3049.5685319420504,5952.973375367126,5835.466356665601,85.99680451947334,13.699323457488822,2.230714331748697,114.16102881240685,2817.900484428118,342.48308643722055,5610.490288929906,13.699323457488822,0.0,53.51298225581571,60.64804655659115,214.05192902326283,128.43115741395772,4713.363832313509,1122.1025243520917,2878.548530984709,1233.6636561363039,5.945886917312856,5952.973375367126,0.38270088103026867
2026-11-21,Cortadera_OP,13.86450975163756,0.44260287384331526,3.6647863340144533,2.663727221187415,6.6,4473.294695173643,2932.061513240525,2932.061513240525,12.977388520456362,111.54154908993199,3043.603062330457,5952.973375367126,5841.431826277194,82.50855859129534,10.707456211020773,2.269932309435589,89.22880175850645,2842.8327114820186,267.68640527551935,5685.286970091607,10.707456211020773,0.0,41.826000824299896,47.40280093420655,167.30400329719959,100.38240197831976,4709.653679478108,1131.7781467990862,2890.235512416225,1238.6723624640963,4.64733342492221,5952.973375367126,0.38600081945355946
2026-11-22,Cortadera_OP,14.465101188709854,0.4269391274082075,4.475830062000522,2.723127482699419,6.6,4236.641078900306,2932.061513240525,2932.061513240525,12.518117839700981,137.3831258948862,3069.4446391354113,5952.973375367126,5815.59024947224,81.89544698910284,10.251768559445742,2.2663492802552394,85.43140466204785,2846.630108578477,256.2942139861436,5696.679161380983,10.251768559445742,0.0,40.04597093533493,45.385433726712925,160.1838837413397,96.11033024480386,4709.0885906244675,1106.501658847773,2892.01554230519,1239.43523241651,4.449552326148325,5952.973375367126,0.3773800971947765
2026-11-23,Cortadera_OP,14.705255576840349,0.5162298993018828,4.260147739324192,2.6510734427347127,6.6,4148.874865366785,2932.061513240525,2932.061513240525,15.136178197270823,130.46829436482903,3062.529807605354,5952.973375367126,5822.505081002297,85.1269685363446,12.884969651595785,2.2512085456750377,107.37474709663155,2824.6867661438937,322.12424128989466,5630.849134077232,12.884969651595785,0.0,50.33191270154604,57.042834395085514,201.32765080618415,120.7965904837105,4712.353968962947,1110.1511120393498,2881.7296005389794,1235.0269716595626,5.592434744616226,5952.973375367126,0.3786247686230862
2026-11-24,Productora,18.73578429679372,0.4936324262416255,4.805662641390563,2.664715696796542,7.6,3078.5357734021472,2648.4265252568184,2648.4265252568184,13.07349211385201,133.69959562771655,2782.126120884535,5377.108399763843,5243.4088041361265,88.13823337086403,11.52274498902839,1.550747124823621,96.02287490856992,2552.4036503482484,288.06862472570975,5089.0397750381335,11.52274498902839,0.0,45.01072261339215,51.01215229517777,180.0428904535686,108.02573427214116,4256.35757865803,987.0512254780961,2603.415802643426,1115.7496297043253,5.001191401488016,5377.108399763843,0.37269345253305886
2026-11-25,Productora,18.774574546911627,0.5594812029506706,3.8385041452640567,2.70109015829576,7.6,3070.9111418640864,2648.4265252568184,2648.4265252568184,14.817448582771494,105.71794984327819,2754.1444751000968,5377.108399763843,5271.3904499205655,88.73561347316848,13.148353900993595,1.6690946817778993,109.5696158416133,2538.8569094152053,328.7088475248399,5048.399552239003,13.148353900993595,0.0,51.360757425756226,58.20885841585707,205.4430297030249,123.26581782181498,4258.373462725447,1013.0169871951184,2597.065767831062,1113.0281862133122,5.706750825084025,5377.108399763843,0.38249767457561845
2026-11-26,Productora,18.693915882293425,0.49789879243783175,4.14779333151797,2.632530214833733,7.6,3086.8080523482486,2648.4265252568184,2648.4265252568184,13.186483687856926,114.60483031412203,2763.0313555709404,5377.108399763843,5262.503569449721,88.176937844996,11.627437525382138,1.5590461624747878,96.89531271151782,2551.5312125453006,290.68593813455345,5086.42246162929,11.627437525382138,0.0,45.41967783352398,51.47563487799384,181.6787113340959,109.00722680045754,4256.4874057120405,1006.0161637376805,2603.0068474232944,1115.5743631814119,5.046630870391553,5377.108399763844,0.3798542848532024
2026-11-27,Cortadera_OP,13.257173428458435,0.5446931310101017,3.899607335755394,2.7267088898375786,6.6,4741.10100156298,2932.061513240525,2932.061513240525,15.970737659611984,118.9785834264644,3051.0400966669895,5952.973375367126,5833.994791940662,86.04022348721378,13.741258374886767,2.229479284725217,114.51048645738973,2817.5510267831355,343.5314593721692,5609.441915994957,13.741258374886767,0.0,53.676790526901435,60.8336959304883,214.70716210760574,128.82429726456346,4713.41583493925,1120.5789570014122,2878.384722713624,1233.593452591553,5.964087836322381,5952.973375367125,0.38218125777414
2026-11-28,Cortadera_OP,14.465032478770874,0.5531799929835454,4.473932899347382,2.639890609924901,6.6,4236.666720809839,2932.061513240525,2932.061513240525,16.21957767321717,137.3221662436413,3069.3836794841664,5952.973375367126,5815.6512091234845,86.30330547154587,13.998031665511265,2.2215460077059053,116.65026387926055,2815.4112493612647,349.95079163778166,5603.022583729345,13.998031665511265,0.0,54.679811193403374,61.970452685857175,218.7192447736135,131.23154686416817,4713.734254198458,1101.9169549250264,2877.381702047122,1233.1635865916237,6.075534577044819,5952.973375367126,0.37581645199086694
2026-11-29,Productora,17.426377842984312,0.5172700689103152,4.180025742305759,2.6148728654586644,7.6,3360.1553667168746,2648.4265252568184,2648.4265252568184,13.699517712235012,115.53427286889452,2763.960798125713,5377.108399763843,5261.574126894949,88.35267406515437,12.103890232789094,1.595627479445918,100.86575193990913,2547.5607733169095,302.59725581972737,5074.511143944116,12.103890232789094,0.0,47.2808212218324,53.584930718076734,189.1232848873296,113.47397093239778,4257.078244882931,1004.4958820120173,2601.145704034986,1114.7767303007083,5.2534245802036,5377.108399763843,0.3792802527963698
2026-11-30,Productora,19.4450847323798,0.5265817811723462,3.9354323121983232,2.7339466351154784,7.6,2944.839033140801,2648.4265252568184,2648.4265252568184,13.946131569738231,108.49685346892257,2756.923378725741,5377.108399763843,5268.611546294921,88.43714991879553,12.33356128420187,1.6125702855363606,102.77967736834893,2545.6468478884694,308.3390321050468,5068.769367658797,12.33356128420187,0.0,48.17797376641356,54.60170360193537,192.71189506565423,115.62713703939255,4257.363055214544,1011.2484910803769,2600.2485514904047,1114.3922363530305,5.353108196268173,5377.108399763843,0.381829921063155
2026-12-01,Productora,18.304513198253836,0.48559308200064744,4.941132805307205,2.6792832944524236,7.6,3165.9295759626993,2648.4265252568184,2648.4265252568184,12.86057598851724,137.66445543254747,2786.090980689366,5377.108399763843,5239.443944331296,88.06530043990988,11.325704882590617,1.534871105926623,94.38087402158848,2554.04565123523,283.1426220647654,5093.965777699078,11.325704882590617,0.0,44.2410346976196,50.139839323968886,176.9641387904784,106.17848327428703,4256.113233287944,983.3307110433516,2604.1854905591986,1116.0794959539421,4.915670521957733,5377.108399763843,0.37128865070100364
2026-12-02,Productora,18.73247393274834,0.4843766011121694,3.479259024969422,2.6661710181354015,7.6,3079.1882140694843,2648.4265252568184,2648.4265252568184,12.828358385992107,95.46716899274482,2743.8936942495634,5377.108399763843,5281.641230771099,88.0542645252896,11.29591662745366,1.5324417585384467,94.13263856211384,2554.2938866947047,282.39791568634155,5094.710484077502,11.29591662745366,0.0,44.12467432599086,50.00796423612298,176.49869730396344,105.89921838237811,4256.076293487426,1025.5649372836733,2604.3018509308276,1116.1293646846404,4.902741591776762,5377.108399763843,0.38723556326873143
2026-12-03,Productora,17.61700862182378,0.5513270750750707,3.2296594992890824,2.6839417498145948,7.6,3315.9931532502314,2648.4265252568184,2648.4265252568184,14.601492497210746,88.38985004296872,2736.816375299787,5377.108399763843,5288.718549720875,88.66163922508103,12.945922599354267,1.6555698978564788,107.88268832795222,2540.5438369288663,323.64806498385667,5053.460334779987,12.945922599354267,0.0,50.5700101537276,57.31267817422462,202.2800406149104,121.36802436894627,4258.122431845438,1030.596117875437,2597.8565151030907,1113.3670779013246,5.618890017080845,5377.108399763843,0.38913524994826876
2026-12-04,Productora,19.207434970916765,0.4951906998761308,4.6291535642522215,2.7379586842124417,7.6,2988.321186564014,2648.4265252568184,2648.4265252568184,13.114761846124331,128.5505324450736,2776.977057701892,5377.108399763843,5248.55786731877,88.15237002927626,11.560973391053862,1.5537884550704693,96.34144492544885,2552.0850803313697,289.02433477634656,5088.084064987497,11.560973391053862,0.0,45.16005230880415,51.18139261664471,180.6402092352166,108.38412554112998,4256.404984910541,992.1528824082288,2603.2664729480143,1115.6856312634347,5.017783589867127,5377.108399763843,0.3746197498577083
2026-12-05,Productora,19.297603946042106,0.4753468361248028,5.203011659391435,2.7581911483455688,7.6,2971.672873509297,2648.4265252568184,2648.4265252568184,12.589211694898337,145.36109565465873,2793.787620911477,5377.108399763843,5231.747304109184,87.97234649732421,11.075024933517627,1.51418676138071,92.29187444598023,2556.134650810838,276.8756233379407,5100.232776425903,11.075024933517627,0.0,43.26181614655323,49.030058299427,173.04726458621292,103.82835875172776,4255.802370255859,975.944933853325,2605.164709110265,1116.4991610472564,4.806868460728136,5377.108399763843,0.368499909114408
2026-12-06,Productora,18.18015073194535,0.47674242801082245,4.193138656628424,2.763433661273811,7.6,3192.059999479539,2648.4265252568184,2648.4265252568184,12.626172920592014,115.91257125617942,2764.339096512998,5377.108399763843,5261.195828507664,87.98500730691418,11.109139166766504,1.51703375382551,92.5761597230542,2555.850365533764,277.7284791691626,5099.379920594681,11.109139166766504,0.0,43.39507487018165,49.18108485287255,173.5802994807266,104.14817968843599,4255.844674612566,1005.3511538950979,2605.0314503866366,1116.4420501657014,4.821674985575739,5377.108399763843,0.3796031886508948
2026-12-07,Cortadera_OP,13.972630022272032,0.47058828595873603,4.071195984681495,2.724222885163114,6.6,4428.759682994688,2932.061513240525,2932.061513240525,13.797938018414365,124.43600420201007,3056.4975174425354,5952.973375367126,5828.537371165116,83.55182084274536,11.52842845313862,2.2695095652757455,96.0702371094885,2835.9912761310366,288.2107113284655,5664.762664038661,11.52842845313862,0.0,45.032923645072735,51.03731346441577,180.13169458029094,108.07901674817455,4710.67175021486,1117.865620950256,2887.028589595452,1237.2979669694794,5.003658182785859,5952.973375367126,0.3812558556163397
2026-12-08,Productora,18.65770189955081,0.5066534860428576,3.182182798455739,2.6578111125234174,7.6,3093.9990793824827,2648.4265252568184,2648.4265252568184,13.418345315497394,87.04779321870238,2735.4743184755207,5377.108399763843,5290.060606545141,88.2563604253808,11.842543204767582,1.5758021107298124,98.68786003972986,2549.7386652170885,296.06358011918957,5081.044819644654,11.842543204767582,0.0,46.25993439362337,52.42792564610649,185.03973757449347,111.0238425446961,4256.754153826357,1033.3064527187844,2602.166590863195,1115.2142532270834,5.139992710402596,5377.108399763843,0.3901586254572739
2026-12-09,Cortadera_OP,13.913581660202048,0.585613323723974,3.9668772244111423,2.69437131810471,6.6,4452.971350304522,2932.061513240525,2932.061513240525,17.17054288131929,121.11579527228373,3053.177308512809,5952.973375367126,5831.857580094843,87.27281387731003,14.985215930537489,2.1853269507818,124.87679942114575,2807.1847138193793,374.63039826343726,5578.342977103689,14.985215930537489,0.0,58.53599972866206,66.34079969248369,234.14399891464825,140.486399348789,4714.958441035048,1116.8991390597948,2873.525513511863,1231.510934362227,6.50399996985134,5952.973375367126,0.38092623023634786
2026-12-10,Cortadera_OP,14.593692295806319,0.5732660035749657,3.9725638052687446,2.713205057510638,6.6,4189.189848593037,2932.061513240525,2932.061513240525,16.808511859313622,121.29659922087866,3053.358112461404,5952.973375367126,5831.676776146248,86.9102050267677,14.608312118878032,2.2001997404355897,121.73593432398361,2810.3255789165414,365.20780297195085,5587.765572395176,14.608312118878032,0.0,57.06371921436731,64.6722151096163,228.25487685746924,136.9529261144816,4714.491050395589,1117.185725750659,2874.997794026158,1232.1419117254961,6.340413246040812,5952.973375367126,0.38102397262325555
2026-12-11,Productora,17.71572839220049,0.4904576507045197,4.031138270413869,2.7045454108505367,7.6,3293.5765220733024,2648.4265252568184,2648.4265252568184,12.989410516409933,111.24622434748164,2759.6727496043,5377.108399763843,5265.862175416361,88.1094318071914,11.444895801112358,1.5445147152975753,95.37413167593631,2553.052393580882,286.1223950278089,5090.986004736034,11.444895801112358,0.0,44.70662422309515,50.667507452841164,178.8264968923806,107.29589813542833,4256.261039486507,1009.6011359298545,2603.719901033723,1115.8799575858814,4.967402691455016,5377.108399763843,0.3812079082812967
2026-12-12,Cortadera_OP,14.66694062721363,0.41657817485359205,3.9314587259838416,2.679160234347838,6.6,4162.632745394256,2932.061513240525,2932.061513240525,12.21432833744199,119.9901514947709,3052.051664735296,5952.973375367126,5832.983223872356,81.47740971731577,9.951918343715814,2.262409993726177,82.93265286429845,2849.128860376227,248.79795859289533,5704.175416774231,9.951918343715814,0.0,38.8746810301399,44.05797183415855,155.4987241205596,93.29923447233574,4708.716752559328,1124.266471313028,2893.1868322103855,1239.937213804451,4.319409003348877,5952.973375367127,0.38343891021252297
2026-12-13,Cortadera_OP,14.569994354902766,0.5216150187690116,3.0320940599336845,2.6993721429682824,6.6,4197.854535340733,2932.061513240525,2932.061513240525,15.29407321260853,91.68277082472682,3023.744284065252,5952.973375367126,5861.2906045424,85.30355371515428,13.04638795815254,2.247685254455991,108.71989965127116,2823.341613589254,326.1596989538135,5626.813676413312,13.04638795815254,0.0,50.96245296153336,57.757446689737804,203.84981184613343,122.30988710768008,4712.554140474055,1148.7364640683445,2881.0990602789916,1234.7567401195677,5.662494773503706,5952.973375367126,0.39178457166771946
2026-12-14,Cortadera_OP,14.470423120282785,0.5629700732196883,3.755961749701438,2.7227876550321755,6.6,4234.655926219666,2932.061513240525,2932.061513240525,16.506628847936483,114.42486300151653,3046.4863762420414,5952.973375367126,5838.54851236561,86.60181780016961,14.29504063984019,2.211588208096293,119.12533866533492,2812.9361745751903,357.37601599600475,5595.5973593711215,14.29504063984019,0.0,55.84000249937574,63.28533616595918,223.36000999750297,134.01600599850178,4714.102568898766,1124.4459434668443,2876.2215107411494,1232.6663617462068,6.20444472215286,5952.973375367126,0.38350012044055054
2026-12-15,Cortadera_OP,14.06898726408079,0.4930089990844912,3.9429538187161817,2.7338557515969635,6.6,4389.810613600101,2932.061513240525,2932.061513240525,14.455327118968698,120.3553888022331,3052.416902042758,5952.973375367126,5832.617986564893,84.34381088083342,12.192173767428784,2.2631533515399145,101.60144806190654,2830.4600651786186,304.80434418571963,5648.169031181406,12.192173767428784,0.0,47.625678779018685,53.97576928288785,190.50271511607474,114.30162906964489,4711.49484708278,1121.1231394821125,2884.4358344615066,1236.1867861977885,5.2917420865576315,5952.973375367126,0.38236685499924694
2026-12-16,Cortadera_OP,13.918358552415057,0.580766043309129,4.154958605921653,2.6470782321867423,6.6,4451.002838422344,2932.061513240525,2932.061513240525,17.02841763783677,127.1071934482264,3059.1687066887516,5952.973375367126,5825.8661819189,87.13138168000053,14.837095566088088,2.191322071748683,123.64246305073407,2808.419050189791,370.9273891522022,5582.045986214924,14.837095566088088,0.0,57.957404555031594,65.68505849570246,231.82961822012638,139.0977709320758,4714.774760027546,1111.091421891354,2874.1041086854934,1231.7589037223543,6.439711617225733,5952.973375367126,0.378945467847082
2026-12-17,Productora,18.260915550466976,0.49070862155632533,3.3156851177009994,2.6906562268962975,7.6,3175.0412569911346,2648.4265252568184,2648.4265252568184,12.996057295019819,90.82495362157543,2739.2514788783938,5377.108399763843,5286.283446142268,88.11170861475898,11.45104813519499,1.5450091598248292,95.42540112662492,2553.0011241301936,286.27620337987474,5090.832196383969,11.45104813519499,0.0,44.73065677810543,50.69474434851949,178.9226271124217,107.35357626745304,4256.26866886905,1030.014777273218,2603.6958684787132,1115.8696579194484,4.970072975345047,5377.108399763843,0.38891574580243915
2026-12-18,Productora,17.617643674709814,0.44355325816546076,4.422720223258735,2.7465227810401394,7.6,3315.847974532423,2648.4265252568184,2648.4265252568184,11.74718214289492,122.55265666096737,2770.979181917786,5377.108399763843,5254.5557431028765,87.68391515807706,10.300389223640758,1.446792919254161,85.83657686367299,2562.5899483931453,257.509730591019,5119.598669172825,10.300389223640758,0.0,40.23589540484671,45.60068145882628,160.94358161938683,96.56614897163215,4254.841760496588,999.7139826062885,2608.1906298519716,1117.7959842222735,4.470655044982967,5377.108399763844,0.3774746903765231
2026-12-19,Cortadera_OP,15.141450791781498,0.5677389148418914,4.246972541557476,2.7115517288794933,6.6,3998.427266708384,2932.061513240525,2932.061513240525,16.646454217768497,130.04690365841847,3062.1084168989437,5952.973375367126,5822.926471708708,86.74535091266324,14.440025125719114,2.206429092049383,120.33354271432596,2811.727970526199,361.00062814297786,5591.972747224148,14.440025125719114,0.0,56.40634814734029,63.92719456698567,225.62539258936116,135.3752355536167,4714.282361167962,1108.6441105407457,2875.6551650931847,1232.4236421827934,6.267372016371143,5952.973375367127,0.37811079526618396
2026-12-20,Productora,18.994008196573418,0.46195233929985086,3.292644425551618,2.6983767534792737,7.6,3028.480453444871,2648.4265252568184,2648.4265252568184,12.234468288061628,90.17232229203829,2738.5988475488566,5377.108399763843,5286.936077471805,87.85083162212824,10.748082135607696,1.4863861524539317,89.56735113006414,2558.859174126754,268.7020533901924,5108.406346373651,10.748082135607696,0.0,41.98469584221756,47.58265528784658,167.93878336887025,100.76327002132217,4255.39693523861,1031.539142233195,2606.4418294146008,1117.0464983205432,4.66496620469084,5377.108399763844,0.3894913196178499
2026-12-21,Productora,19.30398989392097,0.5528599875861772,3.9059349455356345,2.649227331768061,7.6,2970.5008377154763,2648.4265252568184,2648.4265252568184,14.642090558763869,107.65057873054909,2756.0771039873675,5377.108399763843,5269.457821033295,88.6755458073818,12.983953720594979,1.6581368381688897,108.1996143382915,2540.2269109185268,324.5988430148745,5052.509556748969,12.983953720594979,0.0,50.718569221074134,57.48104511721736,202.87427688429653,121.72456613057795,4258.169593454119,1011.2882275791753,2597.7079560357442,1113.3034097296047,5.635396580119348,5377.108399763843,0.3818449248770874
2026-12-22,Cortadera_OP,14.097098772610048,0.5025570919543252,4.97219407874683,2.661715409200316,6.6,4378.576270549365,2932.061513240525,2932.061513240525,14.735283075253562,153.4159265629791,3085.4774398035042,5952.973375367126,5799.5574488041475,84.67020875908095,12.476394941058714,2.258888134194848,103.96995784215596,2828.091555398369,311.9098735264679,5641.063501840658,12.476394941058714,0.0,48.7359177385106,55.23404010364536,194.9436709540424,116.96620257242549,4711.847303895318,1087.7101449088295,2883.3255955020145,1235.7109695008633,5.415101970945622,5952.973375367126,0.37097112048876774
2026-12-23,Cortadera_OP,13.885916750205782,0.49990723128758374,3.406355556090584,2.658713892432311,6.6,4464.40612691381,2932.061513240525,2932.061513240525,14.65758753048954,103.39856295851756,3035.4600761990428,5952.973375367126,5849.5748124086085,84.58025017785424,12.39742420332602,2.2601633271635198,103.31186836105017,2828.749644879475,309.9356050831505,5643.037770283976,12.39742420332602,0.0,48.427438294242265,54.88443006680791,193.70975317696906,116.22585190618145,4711.74937391301,1137.825438495599,2883.634074946283,1235.8431749769784,5.380826477138029,5952.973375367126,0.38806329040418736
2026-12-24,Cortadera_OP,14.778881782298157,0.5820141580123931,4.331207776108684,2.7136586277321006,6.6,4122.691323085033,2932.061513240525,2932.061513240525,17.06501312869227,132.74305372703296,3064.804566967558,5952.973375367126,5820.230321640093,87.16791124581722,14.875215498105536,2.1897976305867353,123.96012915087947,2808.1013840896458,371.8803874526384,5581.092987914488,14.875215498105536,0.0,58.10631053947475,65.85381861140472,232.425242157899,139.4551452947394,4714.822031768639,1105.4082898714541,2873.9552027010504,1231.6950868718786,6.456256726608305,5952.973375367126,0.3770071960904234
2026-12-25,Cortadera_OP,14.213194017871515,0.5432482320728921,4.491052658059594,2.577117545129672,6.6,4332.78326546354,2932.061513240525,2932.061513240525,15.928372333968838,137.87234619484363,3069.9338594353685,5952.973375367126,5815.101029172282,85.99502543591154,13.697607840123199,2.230764493845639,114.14673200102666,2817.9147812394986,342.44019600308,5610.533179364046,13.697607840123199,0.0,53.506280625481246,60.64045137554542,214.02512250192498,128.41507350115504,4713.361704811816,1101.7393243604665,2878.555232615044,1233.6665282635902,5.945142291720138,5952.973375367126,0.37575586984968135
2026-12-26,Productora,18.902080147499714,0.5639776619651876,3.6144241511690596,2.6485615681884775,7.6,3046.1125351146898,2648.4265252568184,2648.4265252568184,14.936533996009263,99.31503454934334,2747.7415598061616,5377.108399763843,5277.7933652145,88.77640534934818,13.260117965440378,1.6764160305688858,110.50098304533648,2537.925542211482,331.5029491360094,5045.605450627834,13.260117965440378,0.0,51.79733580250147,58.70364724283501,207.1893432100059,124.31360592600353,4258.512059035525,1019.2813061789748,2596.629189454317,1112.8410811947072,5.755259533611274,5377.108399763843,0.3848629729609489
2026-12-27,Cortadera_OP,15.236879691333938,0.5901075149105964,3.967562600061959,2.704413310126826,6.6,3966.956208302641,2932.061513240525,2932.061513240525,17.30231533143369,121.13758554900205,3053.199098789527,5952.973375367126,5831.835789818124,87.40290178114617,15.122725674997183,2.179589656436507,126.02271395830986,2806.038799282215,378.0681418749296,5574.905233492196,15.122725674997183,0.0,59.07314716795774,66.94956679035212,236.29258867183097,141.77555320309864,4715.128964031649,1116.7068257864748,2872.9883660725673,1231.2807283168145,6.563683018661971,5952.973375367126,0.3808606404550791
2026-12-28,Cortadera_OP,14.569047702802402,0.5130799314943228,4.197694023161313,2.665868162988877,6.6,4198.2014046569675,2932.061513240525,2932.061513240525,15.043819203505892,128.471825016891,3060.5333382574163,5952.973375367126,5824.501550350235,85.0228210426818,12.790679479381412,2.2531397241244804,106.58899566151177,2825.472517579013,319.7669869845353,5633.206388382591,12.790679479381412,0.0,49.96359171633364,56.625403945178135,199.85436686533455,119.91262011920077,4712.237041666055,1112.2645086841803,2882.0979215241914,1235.1848235103678,5.551510190703738,5952.973375367127,0.3793455572679652
2026-12-29,Cortadera_OP,13.15961197826293,0.5363871291642403,3.4968257562103235,2.673667781025868,6.6,4787.139201782471,2932.061513240525,2932.061513240525,15.727200576200431,106.24425878874442,3038.3057720292695,5952.973375367126,5846.729116578382,85.77874852798067,13.490595832750094,2.2366047434503376,112.42163193958412,2819.639881300941,337.26489581875234,5615.708479548374,13.490595832750094,0.0,52.697639971680054,59.72399196790406,210.79055988672022,126.47433593203212,4713.104993493149,1133.624123085233,2879.363873268845,1234.0130885437907,5.855293330186672,5952.973375367126,0.38663040252260855
2026-12-30,Cortadera_OP,14.868864862760724,0.5864361150482797,4.223978854930554,2.6263561725373563,6.6,4091.136159485539,2932.061513240525,2932.061513240525,17.19466762907354,129.31175972036334,3061.3732729608882,5952.973375367126,5823.661615646763,87.29670471162325,15.010378226297398,2.184289402776141,125.08648521914499,2806.9750280213802,375.25945565743496,5577.713919709691,15.010378226297398,0.0,58.63428994647421,66.45219527267078,234.53715978589685,140.7222958715381,4714.989644278798,1108.671971367965,2873.427223294051,1231.4688099831646,6.5149211051638005,5952.973375367126,0.3781202973953492
2026-12-31,Cortadera_OP,13.123915357084623,0.5953638601524824,4.405423650615333,2.6670342294475424,6.6,4804.208270219436,2932.061513240525,2932.061513240525,17.45643460727408,135.12244761961264,3067.1839608601376,5952.973375367126,5817.850927747513,87.55379965800797,15.28377178348392,2.1726628237901604,127.364764862366,2804.696748378159,382.09429458709803,5570.879080780028,15.28377178348392,0.0,59.70223352923406,67.66253133313194,238.80893411693623,143.2853604701618,4715.32867398761,1102.522253759903,2872.359279711291,1231.0111198762675,6.633581503248228,5952.973375367126,0.37602289337422234
